run_at,model,postprocess,mean_mae,std_mae,submission_path,exp_id,feature_version,pred_std_oof,pred_min_oof,pred_max_oof,notes
2026-06-17T00:57:11,extratrees_ohe,clip_0_1_round2,0.2043866666666666,0.0036240592649066,D:\python\stress\submissions\extratrees_ohe_clip_0_1_round2_20260617_005711.csv,,,,,,
2026-06-17T00:57:11,extratrees_ohe,clip_0_1,0.2043969702314814,0.0036180033429748,D:\python\stress\submissions\extratrees_ohe_clip_0_1_round2_20260617_005711.csv,,,,,,
2026-06-17T00:57:11,extratrees_ohe,raw,0.2043969702314814,0.0036180033429748,D:\python\stress\submissions\extratrees_ohe_clip_0_1_round2_20260617_005711.csv,,,,,,
2026-06-17T00:57:11,lightgbm_ohe,clip_0_1_round2,0.2064,0.0023776155188666,D:\python\stress\submissions\extratrees_ohe_clip_0_1_round2_20260617_005711.csv,,,,,,
2026-06-17T00:57:11,lightgbm_ohe,raw,0.2064246804165211,0.002367566996548,D:\python\stress\submissions\extratrees_ohe_clip_0_1_round2_20260617_005711.csv,,,,,,
2026-06-17T00:57:11,lightgbm_ohe,clip_0_1,0.2064246804165211,0.002367566996548,D:\python\stress\submissions\extratrees_ohe_clip_0_1_round2_20260617_005711.csv,,,,,,
2026-06-17T00:57:11,catboost_ohe,clip_0_1_round2,0.2169433333333333,0.0029674764812322,D:\python\stress\submissions\extratrees_ohe_clip_0_1_round2_20260617_005711.csv,,,,,,
2026-06-17T00:57:11,catboost_ohe,clip_0_1,0.2169464999188802,0.002934715291722,D:\python\stress\submissions\extratrees_ohe_clip_0_1_round2_20260617_005711.csv,,,,,,
2026-06-17T00:57:11,catboost_ohe,raw,0.2169464999188802,0.002934715291722,D:\python\stress\submissions\extratrees_ohe_clip_0_1_round2_20260617_005711.csv,,,,,,
2026-06-17T00:57:11,xgboost_ohe,clip_0_1_round2,0.2257833333333333,0.002808419879972,D:\python\stress\submissions\extratrees_ohe_clip_0_1_round2_20260617_005711.csv,,,,,,
2026-06-17T00:57:11,xgboost_ohe,raw,0.2258443405445417,0.002799336415405,D:\python\stress\submissions\extratrees_ohe_clip_0_1_round2_20260617_005711.csv,,,,,,
2026-06-17T00:57:11,xgboost_ohe,clip_0_1,0.2258443405445417,0.002799336415405,D:\python\stress\submissions\extratrees_ohe_clip_0_1_round2_20260617_005711.csv,,,,,,
2026-06-17T00:57:11,elasticnet_ohe,raw,0.2439223454551431,0.0015954225317405,D:\python\stress\submissions\extratrees_ohe_clip_0_1_round2_20260617_005711.csv,,,,,,
2026-06-17T00:57:11,elasticnet_ohe,clip_0_1,0.2439223454551431,0.0015954225317405,D:\python\stress\submissions\extratrees_ohe_clip_0_1_round2_20260617_005711.csv,,,,,,
2026-06-17T00:57:11,ridge_ohe,raw,0.2439259731974817,0.0015543966289169,D:\python\stress\submissions\extratrees_ohe_clip_0_1_round2_20260617_005711.csv,,,,,,
2026-06-17T00:57:11,ridge_ohe,clip_0_1,0.2439259731974817,0.0015543966289169,D:\python\stress\submissions\extratrees_ohe_clip_0_1_round2_20260617_005711.csv,,,,,,
2026-06-17T00:57:11,elasticnet_ohe,clip_0_1_round2,0.24394,0.0015368889933166,D:\python\stress\submissions\extratrees_ohe_clip_0_1_round2_20260617_005711.csv,,,,,,
2026-06-17T00:57:11,ridge_ohe,clip_0_1_round2,0.2440366666666666,0.0014975628348902,D:\python\stress\submissions\extratrees_ohe_clip_0_1_round2_20260617_005711.csv,,,,,,
,extratrees_ohe_v2,clip_0_1,0.1980479915079365,0.0071008857832168,,v2_20260617_010613,v2_scorecard_interactions,0.1467151208360399,0.0952435714285715,0.9131671428571436,ExtraTrees with OHE plus scorecard bins and interactions
,extratrees_ohe_v2,raw,0.1980479915079365,0.0071008857832168,,v2_20260617_010613,v2_scorecard_interactions,0.1467151208360399,0.0952435714285715,0.9131671428571436,ExtraTrees with OHE plus scorecard bins and interactions
,extratrees_ohe_v2,clip_0_1_round2,0.1981766666666666,0.0070347411703156,,v2_20260617_010613,v2_scorecard_interactions,0.1466944448620479,0.1,0.91,ExtraTrees with OHE plus scorecard bins and interactions
,lightgbm_ohe_v2,clip_0_1_round2,0.2068733333333333,0.0038829685093294,,v2_20260617_010613,v2_scorecard_interactions,0.1268956723870317,0.14,0.91,LightGBM with OHE plus scorecard bins and interactions
,lightgbm_ohe_v2,clip_0_1,0.2068881959683503,0.0039143610241159,,v2_20260617_010613,v2_scorecard_interactions,0.1267796331157752,0.1403889357035984,0.9068410084125904,LightGBM with OHE plus scorecard bins and interactions
,lightgbm_ohe_v2,raw,0.2068881959683503,0.0039143610241159,,v2_20260617_010613,v2_scorecard_interactions,0.1267796331157752,0.1403889357035984,0.9068410084125904,LightGBM with OHE plus scorecard bins and interactions
,xgboost_ohe_v2,clip_0_1_round2,0.2219766666666666,0.0030463685120337,,v2_20260617_010613,v2_scorecard_interactions,0.1016008575000637,0.09,0.95,XGBoost with OHE plus scorecard bins and interactions
,xgboost_ohe_v2,raw,0.2219958043965697,0.0029589181522475,,v2_20260617_010613,v2_scorecard_interactions,0.1015465650177889,0.0882223770022392,0.949494242668152,XGBoost with OHE plus scorecard bins and interactions
,xgboost_ohe_v2,clip_0_1,0.2219958043965697,0.0029589181522475,,v2_20260617_010613,v2_scorecard_interactions,0.1015465650177889,0.0882223770022392,0.949494242668152,XGBoost with OHE plus scorecard bins and interactions
,catboost_native_v2,clip_0_1_round2,0.2254566666666666,0.0031681487759678,,v2_20260617_010613,v2_scorecard_interactions,0.0943997424279156,0.13,0.82,Native CatBoost categorical handling; no OneHotEncoder
,catboost_native_v2,raw,0.2255147072342561,0.0032639165879269,,v2_20260617_010613,v2_scorecard_interactions,0.0943437619561618,0.131846360638663,0.8184176548770958,Native CatBoost categorical handling; no OneHotEncoder
,catboost_native_v2,clip_0_1,0.2255147072342561,0.0032639165879269,,v2_20260617_010613,v2_scorecard_interactions,0.0943437619561618,0.131846360638663,0.8184176548770958,Native CatBoost categorical handling; no OneHotEncoder
,ridge_ohe_v2,clip_0_1_round2,0.2435733333333333,0.0021156690562457,,v2_20260617_010613,v2_scorecard_interactions,0.0798564032327275,0.16,0.88,Ridge with OHE plus scorecard bins and interactions
,ridge_ohe_v2,raw,0.2435799429480884,0.0020240212644404,,v2_20260617_010613,v2_scorecard_interactions,0.0798015601041478,0.1599637724245954,0.8762226803784918,Ridge with OHE plus scorecard bins and interactions
,ridge_ohe_v2,clip_0_1,0.2435799429480884,0.0020240212644404,,v2_20260617_010613,v2_scorecard_interactions,0.0798015601041478,0.1599637724245954,0.8762226803784918,Ridge with OHE plus scorecard bins and interactions
,extratrees_ohe_v2,clip_0_1,0.1980479915079365,0.0071008857832168,,v2_20260617_010925,v2_scorecard_interactions,0.1467151208360399,0.0952435714285715,0.9131671428571436,ExtraTrees with OHE plus scorecard bins and interactions
,extratrees_ohe_v2,raw,0.1980479915079365,0.0071008857832168,,v2_20260617_010925,v2_scorecard_interactions,0.1467151208360399,0.0952435714285715,0.9131671428571436,ExtraTrees with OHE plus scorecard bins and interactions
,extratrees_ohe_v2,clip_0_1_round2,0.1981766666666666,0.0070347411703156,,v2_20260617_010925,v2_scorecard_interactions,0.1466944448620479,0.1,0.91,ExtraTrees with OHE plus scorecard bins and interactions
,lightgbm_ohe_v2,clip_0_1_round2,0.2068733333333333,0.0038829685093294,,v2_20260617_010925,v2_scorecard_interactions,0.1268956723870317,0.14,0.91,LightGBM with OHE plus scorecard bins and interactions
,lightgbm_ohe_v2,clip_0_1,0.2068881959683503,0.0039143610241159,,v2_20260617_010925,v2_scorecard_interactions,0.1267796331157752,0.1403889357035984,0.9068410084125904,LightGBM with OHE plus scorecard bins and interactions
,lightgbm_ohe_v2,raw,0.2068881959683503,0.0039143610241159,,v2_20260617_010925,v2_scorecard_interactions,0.1267796331157752,0.1403889357035984,0.9068410084125904,LightGBM with OHE plus scorecard bins and interactions
,xgboost_ohe_v2,clip_0_1_round2,0.2219766666666666,0.0030463685120337,,v2_20260617_010925,v2_scorecard_interactions,0.1016008575000637,0.09,0.95,XGBoost with OHE plus scorecard bins and interactions
,xgboost_ohe_v2,raw,0.2219958043965697,0.0029589181522475,,v2_20260617_010925,v2_scorecard_interactions,0.1015465650177889,0.0882223770022392,0.949494242668152,XGBoost with OHE plus scorecard bins and interactions
,xgboost_ohe_v2,clip_0_1,0.2219958043965697,0.0029589181522475,,v2_20260617_010925,v2_scorecard_interactions,0.1015465650177889,0.0882223770022392,0.949494242668152,XGBoost with OHE plus scorecard bins and interactions
,catboost_native_v2,clip_0_1_round2,0.2254566666666666,0.0031681487759678,,v2_20260617_010925,v2_scorecard_interactions,0.0943997424279156,0.13,0.82,Native CatBoost categorical handling; no OneHotEncoder
,catboost_native_v2,raw,0.2255147072342561,0.0032639165879269,,v2_20260617_010925,v2_scorecard_interactions,0.0943437619561618,0.131846360638663,0.8184176548770958,Native CatBoost categorical handling; no OneHotEncoder
,catboost_native_v2,clip_0_1,0.2255147072342561,0.0032639165879269,,v2_20260617_010925,v2_scorecard_interactions,0.0943437619561618,0.131846360638663,0.8184176548770958,Native CatBoost categorical handling; no OneHotEncoder
,ridge_ohe_v2,clip_0_1_round2,0.2435733333333333,0.0021156690562457,,v2_20260617_010925,v2_scorecard_interactions,0.0798564032327275,0.16,0.88,Ridge with OHE plus scorecard bins and interactions
,ridge_ohe_v2,raw,0.2435799429480884,0.0020240212644404,,v2_20260617_010925,v2_scorecard_interactions,0.0798015601041478,0.1599637724245954,0.8762226803784918,Ridge with OHE plus scorecard bins and interactions
,ridge_ohe_v2,clip_0_1,0.2435799429480884,0.0020240212644404,,v2_20260617_010925,v2_scorecard_interactions,0.0798015601041478,0.1599637724245954,0.8762226803784918,Ridge with OHE plus scorecard bins and interactions
,extratrees_v3_leaf1,none,0.1800298133333332,0.0063079073762994,,v3_20260617_012943,v3_mwcat_calibrated_extratrees,0.175965857448299,0.0,1.0,"ExtraTrees v3, leaf=1, max_features=0.8; fold-safe OOF calibration"
,extratrees_v3_leaf1,clip_0_1,0.1800298133333332,0.0063079073762994,,v3_20260617_012943,v3_mwcat_calibrated_extratrees,0.175965857448299,0.0,1.0,"ExtraTrees v3, leaf=1, max_features=0.8; fold-safe OOF calibration"
,extratrees_v3_leaf1,huber,0.1801894390686187,0.005975897416675,,v3_20260617_012943,v3_mwcat_calibrated_extratrees,0.1773985933185637,0.0,1.0,"ExtraTrees v3, leaf=1, max_features=0.8; fold-safe OOF calibration"
,extratrees_v3_leaf1,qbin_median_30,0.183525,0.0059089033575519,,v3_20260617_012943,v3_mwcat_calibrated_extratrees,0.1849133515453895,0.045,0.925,"ExtraTrees v3, leaf=1, max_features=0.8; fold-safe OOF calibration"
,extratrees_v3_leaf1,qbin_median_20,0.1842483333333333,0.0056952172917282,,v3_20260617_012943,v3_mwcat_calibrated_extratrees,0.1857386802134721,0.075,0.9,"ExtraTrees v3, leaf=1, max_features=0.8; fold-safe OOF calibration"
,extratrees_v3_leaf1,isotonic,0.1862534719140211,0.0040109371123072,,v3_20260617_012943,v3_mwcat_calibrated_extratrees,0.1617508009919657,0.0,1.0,"ExtraTrees v3, leaf=1, max_features=0.8; fold-safe OOF calibration"
,extratrees_v3_leaf1,clip_0_1_round2,0.17986,0.0063079073762994,,v3_20260617_012943,v3_mwcat_calibrated_extratrees,0.175965857448299,0.0,1.0,"ExtraTrees v3, leaf=1, max_features=0.8; fold-safe OOF calibration; round(2) improved CV"
,extratrees_v4_mf07_n1000,clip_0_1_round2,0.1856633333333333,0.0036764906273963,,v4_20260617_014419,v4_leaf1_target_encoding_ensemble,0.1608838127357755,0.0,1.0,ExtraTrees leaf1 tuning; target encoding
,extratrees_v4_ensemble_extratrees_v4_mf07_n1000,clip_0_1_round2,0.1857633333333333,0.0036177494538885,,v4_20260617_014419,v4_leaf1_target_encoding_ensemble,0.1605948257413892,0.0,1.0,"Multi-seed ensemble [42, 2024, 777, 1004, 2026]; target encoding"
,extratrees_v4_mf07_n1000,clip_0_1,0.1858058133333333,0.00362919005131,,v4_20260617_014419,v4_leaf1_target_encoding_ensemble,0.1606339729738324,0.00024,1.0,ExtraTrees leaf1 tuning; target encoding
,extratrees_v4_mf06_n1500,clip_0_1_round2,0.1858133333333333,0.0036701763505919,,v4_20260617_014419,v4_leaf1_target_encoding_ensemble,0.1596405958045505,0.0,1.0,ExtraTrees leaf1 tuning; target encoding
,extratrees_v4_ensemble_extratrees_v4_mf07_n1000,clip_0_1,0.1858164293333332,0.003623587803211,,v4_20260617_014419,v4_leaf1_target_encoding_ensemble,0.1603877437421471,0.000514,0.999778,"Multi-seed ensemble [42, 2024, 777, 1004, 2026]; target encoding"
,extratrees_v4_mf07_n1500,clip_0_1_round2,0.1858233333333333,0.0037553591335879,,v4_20260617_014419,v4_leaf1_target_encoding_ensemble,0.160811966064334,0.0,1.0,ExtraTrees leaf1 tuning; target encoding
,extratrees_v4_mf07_n1500,clip_0_1,0.1859133111111109,0.0037335146971406,,v4_20260617_014419,v4_leaf1_target_encoding_ensemble,0.160544870194457,0.0001866666666666,1.0,ExtraTrees leaf1 tuning; target encoding
,extratrees_v4_mf06_n1000,clip_0_1_round2,0.1859266666666666,0.0037283188049187,,v4_20260617_014419,v4_leaf1_target_encoding_ensemble,0.1597172323141726,0.0,1.0,ExtraTrees leaf1 tuning; target encoding
,extratrees_v4_mf06_n1500,clip_0_1,0.1859539599999998,0.0036149206775409,,v4_20260617_014419,v4_leaf1_target_encoding_ensemble,0.1595146163737376,0.0004866666666666,1.0,ExtraTrees leaf1 tuning; target encoding
,extratrees_v4_mf08_n1500,clip_0_1_round2,0.1859666666666666,0.0037545157995258,,v4_20260617_014419,v4_leaf1_target_encoding_ensemble,0.1620057507517797,0.0,1.0,ExtraTrees leaf1 tuning; target encoding
,extratrees_v4_mf08_n1000,clip_0_1_round2,0.18601,0.0037764548337178,,v4_20260617_014419,v4_leaf1_target_encoding_ensemble,0.1621619112205631,0.0,1.0,ExtraTrees leaf1 tuning; target encoding
,extratrees_v4_mf06_n1000,clip_0_1,0.1860238399999998,0.0036306499842505,,v4_20260617_014419,v4_leaf1_target_encoding_ensemble,0.1596140280650334,0.0001799999999999,1.0,ExtraTrees leaf1 tuning; target encoding
,extratrees_v4_mf08_n1000,clip_0_1,0.1860839833333332,0.003815480710667,,v4_20260617_014419,v4_leaf1_target_encoding_ensemble,0.1619074637990205,0.0007199999999999,1.0,ExtraTrees leaf1 tuning; target encoding
,extratrees_v4_mf08_n1500,clip_0_1,0.1860914888888887,0.0038045366035534,,v4_20260617_014419,v4_leaf1_target_encoding_ensemble,0.161850242523513,0.0005866666666666,0.9999733333333334,ExtraTrees leaf1 tuning; target encoding
,extratrees_v4_mf09_n1000,clip_0_1_round2,0.1862166666666666,0.0036523964735499,,v4_20260617_014419,v4_leaf1_target_encoding_ensemble,0.1639748872679945,0.0,1.0,ExtraTrees leaf1 tuning; target encoding
,extratrees_v4_mf09_n1500,clip_0_1_round2,0.1863199999999999,0.0036691355324593,,v4_20260617_014419,v4_leaf1_target_encoding_ensemble,0.1638780220904062,0.0,1.0,ExtraTrees leaf1 tuning; target encoding
,extratrees_v4_mf09_n1000,clip_0_1,0.1864005699999999,0.0036862248720443,,v4_20260617_014419,v4_leaf1_target_encoding_ensemble,0.1637431161913006,0.00026,0.99969,ExtraTrees leaf1 tuning; target encoding
,extratrees_v4_mf09_n1500,clip_0_1,0.1864398644444443,0.003614870900239,,v4_20260617_014419,v4_leaf1_target_encoding_ensemble,0.1636791447513117,0.00044,0.9997933333333334,ExtraTrees leaf1 tuning; target encoding
,extratrees_v4_mf10_n1500,clip_0_1_round2,0.1868033333333333,0.0034601380833075,,v4_20260617_014419,v4_leaf1_target_encoding_ensemble,0.1667336447834317,0.0,1.0,ExtraTrees leaf1 tuning; target encoding
,extratrees_v4_mf10_n1000,clip_0_1_round2,0.1868933333333333,0.0033186049612584,,v4_20260617_014419,v4_leaf1_target_encoding_ensemble,0.16678246386328,0.0,1.0,ExtraTrees leaf1 tuning; target encoding
,extratrees_v4_mf10_n1500,clip_0_1,0.1869184177777775,0.0032820987734119,,v4_20260617_014419,v4_leaf1_target_encoding_ensemble,0.1666014053821689,0.0004733333333333,0.9999533333333334,ExtraTrees leaf1 tuning; target encoding
,extratrees_v4_mf10_n1000,clip_0_1,0.1870139233333332,0.0033333311012826,,v4_20260617_014419,v4_leaf1_target_encoding_ensemble,0.1665906498494548,0.0,0.99998,ExtraTrees leaf1 tuning; target encoding
,extratrees_v4_mf07_n1000,clip_0_1_round2,0.1856633333333333,0.0036764906273963,,v4_20260617_020015,v4_leaf1_target_encoding_ensemble,0.1608838127357755,0.0,1.0,ExtraTrees leaf1 max_features tuning at n_estimators=1000; target encoding
,extratrees_v4_ensemble_extratrees_v4_mf07_n1000,clip_0_1_round2,0.1857633333333333,0.0036177494538885,,v4_20260617_020015,v4_leaf1_target_encoding_ensemble,0.1605948257413892,0.0,1.0,"Multi-seed ensemble [42, 2024, 777, 1004, 2026]; target encoding"
,extratrees_v4_mf07_n1000,clip_0_1,0.1858058133333333,0.00362919005131,,v4_20260617_020015,v4_leaf1_target_encoding_ensemble,0.1606339729738324,0.00024,1.0,ExtraTrees leaf1 max_features tuning at n_estimators=1000; target encoding
,extratrees_v4_ensemble_extratrees_v4_mf07_n1000,clip_0_1,0.1858164293333332,0.003623587803211,,v4_20260617_020015,v4_leaf1_target_encoding_ensemble,0.1603877437421471,0.000514,0.999778,"Multi-seed ensemble [42, 2024, 777, 1004, 2026]; target encoding"
,extratrees_v4_mf06_n1000,clip_0_1_round2,0.1859266666666666,0.0037283188049187,,v4_20260617_020015,v4_leaf1_target_encoding_ensemble,0.1597172323141726,0.0,1.0,ExtraTrees leaf1 max_features tuning at n_estimators=1000; target encoding
,extratrees_v4_mf08_n1000,clip_0_1_round2,0.18601,0.0037764548337178,,v4_20260617_020015,v4_leaf1_target_encoding_ensemble,0.1621619112205631,0.0,1.0,ExtraTrees leaf1 max_features tuning at n_estimators=1000; target encoding
,extratrees_v4_mf06_n1000,clip_0_1,0.1860238399999998,0.0036306499842505,,v4_20260617_020015,v4_leaf1_target_encoding_ensemble,0.1596140280650334,0.0001799999999999,1.0,ExtraTrees leaf1 max_features tuning at n_estimators=1000; target encoding
,extratrees_v4_mf08_n1000,clip_0_1,0.1860839833333332,0.003815480710667,,v4_20260617_020015,v4_leaf1_target_encoding_ensemble,0.1619074637990205,0.0007199999999999,1.0,ExtraTrees leaf1 max_features tuning at n_estimators=1000; target encoding
,extratrees_v4_mf09_n1000,clip_0_1_round2,0.1862166666666666,0.0036523964735499,,v4_20260617_020015,v4_leaf1_target_encoding_ensemble,0.1639748872679945,0.0,1.0,ExtraTrees leaf1 max_features tuning at n_estimators=1000; target encoding
,extratrees_v4_mf09_n1000,clip_0_1,0.1864005699999999,0.0036862248720443,,v4_20260617_020015,v4_leaf1_target_encoding_ensemble,0.1637431161913006,0.00026,0.99969,ExtraTrees leaf1 max_features tuning at n_estimators=1000; target encoding
,extratrees_v4_mf10_n1000,clip_0_1_round2,0.1868933333333333,0.0033186049612584,,v4_20260617_020015,v4_leaf1_target_encoding_ensemble,0.16678246386328,0.0,1.0,ExtraTrees leaf1 max_features tuning at n_estimators=1000; target encoding
,extratrees_v4_mf10_n1000,clip_0_1,0.1870139233333332,0.0033333311012826,,v4_20260617_020015,v4_leaf1_target_encoding_ensemble,0.1665906498494548,0.0,0.99998,ExtraTrees leaf1 max_features tuning at n_estimators=1000; target encoding
,extratrees_v45_v3_exact_5seed,clip_0_1_round2,0.1800566666666666,0.0061519825169524,,v45_20260617_022101,v45_v3_exact_multiseed,0.1761444069684236,0.0,1.0,"V3 exact feature pipeline; ExtraTrees seeds averaged [42, 2024, 777, 1004, 2026]; no target encoding"
,extratrees_v45_v3_exact_5seed,clip_0_1,0.1801610913333332,0.0060978233765776,,v45_20260617_022101,v45_v3_exact_multiseed,0.1759651413922659,0.000702,0.999868,"V3 exact feature pipeline; ExtraTrees seeds averaged [42, 2024, 777, 1004, 2026]; no target encoding"
,svr_rbf,clip_0_1_round2,0.1376066666666666,0.0074310958266722,,v5_20260617_030349,D_kernel_latent_score,0.1925707149596913,0.0,1.0,kfold; scaled; dense; feature_set=S2_core_derived; target_mode=quantile_target
,svr_rbf,raw,0.1376224970296926,0.0074155914555071,,v5_20260617_030349,D_kernel_latent_score,0.192542160396264,0.0,1.0,kfold; scaled; dense; feature_set=S2_core_derived; target_mode=quantile_target
,svr_rbf,clip_0_1,0.1376224970296926,0.0074155914555071,,v5_20260617_030349,D_kernel_latent_score,0.192542160396264,0.0,1.0,kfold; scaled; dense; feature_set=S2_core_derived; target_mode=quantile_target
,svr_rbf,clip_0_1_round2,0.1383466666666666,0.0071019246217721,,v5_20260617_030349,D_kernel_latent_score,0.1944044553606939,0.0,1.0,kfold; scaled; dense; feature_set=S1_simple_score_encoding; target_mode=quantile_target
,svr_rbf,clip_0_1,0.1383557506008743,0.0070834789350745,,v5_20260617_030349,D_kernel_latent_score,0.1943901260879404,0.0,1.0,kfold; scaled; dense; feature_set=S1_simple_score_encoding; target_mode=quantile_target
,svr_rbf,raw,0.1383557506008743,0.0070834789350745,,v5_20260617_030349,D_kernel_latent_score,0.1943901260879404,0.0,1.0,kfold; scaled; dense; feature_set=S1_simple_score_encoding; target_mode=quantile_target
,svr_rbf,clip_0_1_round2,0.1394133333333333,0.0076899035939308,,v5_20260617_030349,D_kernel_latent_score,0.1880266332034378,0.0,1.0,kfold; scaled; dense; feature_set=S2_core_derived; target_mode=raw
,svr_rbf,clip_0_1_round2,0.1396533333333333,0.0074331788723363,,v5_20260617_030349,D_kernel_latent_score,0.189284524751594,0.0,1.0,kfold; scaled; dense; feature_set=S1_simple_score_encoding; target_mode=raw
,svr_rbf,clip_0_1,0.1396565852397391,0.0076101499363973,,v5_20260617_030349,D_kernel_latent_score,0.1878003922193722,6.651403129942501e-05,1.0,kfold; scaled; dense; feature_set=S2_core_derived; target_mode=raw
,svr_rbf,raw,0.1396568394090936,0.0076098438219449,,v5_20260617_030349,D_kernel_latent_score,0.1878011011776307,6.651403129942501e-05,1.000363907364043,kfold; scaled; dense; feature_set=S2_core_derived; target_mode=raw
,svr_rbf,clip_0_1,0.1399291609515593,0.0074220262712596,,v5_20260617_030349,D_kernel_latent_score,0.1890880814729472,0.0,1.0,kfold; scaled; dense; feature_set=S1_simple_score_encoding; target_mode=raw
,svr_rbf,raw,0.1399292954501145,0.0074220502831786,,v5_20260617_030349,D_kernel_latent_score,0.1890884276692512,-0.0003178058264746,1.000062912460654,kfold; scaled; dense; feature_set=S1_simple_score_encoding; target_mode=raw
,extratrees_v3_setting,clip_0_1_round2,0.1565666666666667,0.0071199771119066,,v5_20260617_030349,B_binned_or_tree_scorecard,0.1755389919688957,0.01,1.0,kfold; unscaled; sparse-ok; feature_set=S2_core_derived; target_mode=raw
,extratrees_v3_setting,raw,0.1566631199999999,0.0071037303966087,,v5_20260617_030349,B_binned_or_tree_scorecard,0.1754299752938473,0.00757,0.99996,kfold; unscaled; sparse-ok; feature_set=S2_core_derived; target_mode=raw
,extratrees_v3_setting,clip_0_1,0.1566631199999999,0.0071037303966087,,v5_20260617_030349,B_binned_or_tree_scorecard,0.1754299752938473,0.00757,0.99996,kfold; unscaled; sparse-ok; feature_set=S2_core_derived; target_mode=raw
,extratrees_v3_setting,clip_0_1_round2,0.15684,0.0065623279518893,,v5_20260617_030349,B_binned_or_tree_scorecard,0.1764220980647318,0.0,1.0,kfold; unscaled; sparse-ok; feature_set=S1_simple_score_encoding; target_mode=raw
,extratrees_v3_setting,raw,0.1569982999999998,0.0066041437292837,,v5_20260617_030349,B_binned_or_tree_scorecard,0.1763450453563257,0.00414,1.0,kfold; unscaled; sparse-ok; feature_set=S1_simple_score_encoding; target_mode=raw
,extratrees_v3_setting,clip_0_1,0.1569982999999998,0.0066041437292837,,v5_20260617_030349,B_binned_or_tree_scorecard,0.1763450453563257,0.00414,1.0,kfold; unscaled; sparse-ok; feature_set=S1_simple_score_encoding; target_mode=raw
,extratrees_v3_setting,clip_0_1_round2,0.1740933333333333,0.0090584494353525,,v5_20260617_030349,B_binned_or_tree_scorecard,0.1678613036447332,0.0,1.0,kfold; unscaled; sparse-ok; feature_set=S3_mean_working_score; target_mode=y100
,extratrees_v3_setting,raw,0.1741780666666666,0.0090266207657211,,v5_20260617_030349,B_binned_or_tree_scorecard,0.1677365346034862,0.00435,0.99889,kfold; unscaled; sparse-ok; feature_set=S3_mean_working_score; target_mode=y100
,extratrees_v3_setting,clip_0_1,0.1741780666666666,0.0090266207657211,,v5_20260617_030349,B_binned_or_tree_scorecard,0.1677365346034862,0.00435,0.99889,kfold; unscaled; sparse-ok; feature_set=S3_mean_working_score; target_mode=y100
,extratrees_v3_setting,clip_0_1_round2,0.1744133333333333,0.0092186633025845,,v5_20260617_030349,B_binned_or_tree_scorecard,0.167844754819963,0.0,1.0,kfold; unscaled; sparse-ok; feature_set=S3_mean_working_score; target_mode=raw
,extratrees_v3_setting,raw,0.1745393933333333,0.0091952690572656,,v5_20260617_030349,B_binned_or_tree_scorecard,0.1677463774596126,0.00294,0.99916,kfold; unscaled; sparse-ok; feature_set=S3_mean_working_score; target_mode=raw
,extratrees_v3_setting,clip_0_1,0.1745393933333333,0.0091952690572656,,v5_20260617_030349,B_binned_or_tree_scorecard,0.1677463774596126,0.00294,0.99916,kfold; unscaled; sparse-ok; feature_set=S3_mean_working_score; target_mode=raw
,svr_rbf,clip_0_1_round2,0.1872333333333333,0.0064925788595067,,v5_20260617_030349,D_kernel_latent_score,0.1357222070801991,0.0,1.0,kfold; scaled; dense; feature_set=S3_mean_working_score; target_mode=quantile_target
,svr_rbf,clip_0_1,0.1872407317619024,0.006484213731827,,v5_20260617_030349,D_kernel_latent_score,0.1357028868608782,0.0,1.0,kfold; scaled; dense; feature_set=S3_mean_working_score; target_mode=quantile_target
,svr_rbf,raw,0.1872407317619024,0.006484213731827,,v5_20260617_030349,D_kernel_latent_score,0.1357028868608782,0.0,1.0,kfold; scaled; dense; feature_set=S3_mean_working_score; target_mode=quantile_target
,svr_rbf,clip_0_1_round2,0.1894666666666666,0.0064271031048978,,v5_20260617_030349,D_kernel_latent_score,0.1336324777628465,0.0,1.0,kfold; scaled; dense; feature_set=S3_mean_working_score; target_mode=raw
,svr_rbf,clip_0_1,0.1895763919075598,0.0065859360055503,,v5_20260617_030349,D_kernel_latent_score,0.1333281865295344,0.0,1.0,kfold; scaled; dense; feature_set=S3_mean_working_score; target_mode=raw
,svr_rbf,raw,0.1895765862017315,0.0065858347111799,,v5_20260617_030349,D_kernel_latent_score,0.1333289163281895,-0.0002154702774708,1.0002995013613252,kfold; scaled; dense; feature_set=S3_mean_working_score; target_mode=raw
,randomforest,clip_0_1_round2,0.19261,0.0070915712445162,,v5_20260617_030349,B_binned_or_tree_scorecard,0.1213189161939534,0.15,0.86,kfold; unscaled; sparse-ok; feature_set=S3_mean_working_score; target_mode=raw
,randomforest,clip_0_1,0.1926366233333332,0.0071450820620614,,v5_20260617_030349,B_binned_or_tree_scorecard,0.1212158550566546,0.1521000000000005,0.8561200000000053,kfold; unscaled; sparse-ok; feature_set=S3_mean_working_score; target_mode=raw
,randomforest,raw,0.1926366233333332,0.0071450820620614,,v5_20260617_030349,B_binned_or_tree_scorecard,0.1212158550566546,0.1521000000000005,0.8561200000000053,kfold; unscaled; sparse-ok; feature_set=S3_mean_working_score; target_mode=raw
,lightgbm,raw,0.2016664531154894,0.0086637701115515,,v5_20260617_030349,C_boosting,0.1273844879606916,0.1181612550691783,0.9393938661125254,kfold; unscaled; sparse-ok; feature_set=S3_mean_working_score; target_mode=raw
,lightgbm,clip_0_1,0.2016664531154894,0.0086637701115515,,v5_20260617_030349,C_boosting,0.1273844879606916,0.1181612550691783,0.9393938661125254,kfold; unscaled; sparse-ok; feature_set=S3_mean_working_score; target_mode=raw
,lightgbm,clip_0_1_round2,0.2016899999999999,0.0086231535865817,,v5_20260617_030349,C_boosting,0.1274259586866217,0.12,0.94,kfold; unscaled; sparse-ok; feature_set=S3_mean_working_score; target_mode=raw
,catboost,clip_0_1_round2,0.2164733333333333,0.0097271263821501,,v5_20260617_030349,C_boosting,0.1047845744166504,0.1,0.97,kfold; unscaled; sparse-ok; feature_set=S3_mean_working_score; target_mode=raw
,catboost,raw,0.2164800003365815,0.0096853941711637,,v5_20260617_030349,C_boosting,0.104759998192912,0.1037991280531722,0.9669708447452549,kfold; unscaled; sparse-ok; feature_set=S3_mean_working_score; target_mode=raw
,catboost,clip_0_1,0.2164800003365815,0.0096853941711637,,v5_20260617_030349,C_boosting,0.104759998192912,0.1037991280531722,0.9669708447452549,kfold; unscaled; sparse-ok; feature_set=S3_mean_working_score; target_mode=raw
,knn,clip_0_1,0.2172324867004506,0.0058909290131443,,v5_20260617_030349,D_kernel_latent_score,0.0962764229197834,0.0662463977148043,0.96,kfold; scaled; dense; feature_set=S3_mean_working_score; target_mode=raw
,knn,raw,0.2172324867004506,0.0058909290131443,,v5_20260617_030349,D_kernel_latent_score,0.0962764229197834,0.0662463977148043,0.96,kfold; scaled; dense; feature_set=S3_mean_working_score; target_mode=raw
,knn,clip_0_1_round2,0.21724,0.005917536190671,,v5_20260617_030349,D_kernel_latent_score,0.0962625156744548,0.07,0.96,kfold; scaled; dense; feature_set=S3_mean_working_score; target_mode=raw
,xgboost,clip_0_1_round2,0.2226066666666666,0.0092734427663484,,v5_20260617_030349,C_boosting,0.0976148382789082,0.07,0.94,kfold; unscaled; sparse-ok; feature_set=S3_mean_working_score; target_mode=raw
,xgboost,clip_0_1,0.2226452204968532,0.0093199423103153,,v5_20260617_030349,C_boosting,0.0975311270293523,0.0666140392422676,0.9388747811317444,kfold; unscaled; sparse-ok; feature_set=S3_mean_working_score; target_mode=raw
,xgboost,raw,0.2226452204968532,0.0093199423103153,,v5_20260617_030349,C_boosting,0.0975311270293523,0.0666140392422676,0.9388747811317444,kfold; unscaled; sparse-ok; feature_set=S3_mean_working_score; target_mode=raw
,kernelridge_rbf,clip_0_1_round2,0.2295,0.0070686056040201,,v5_20260617_030349,D_kernel_latent_score,0.1008805719482144,0.11,0.86,kfold; scaled; dense; feature_set=S3_mean_working_score; target_mode=raw
,kernelridge_rbf,clip_0_1,0.2295944368270269,0.0070182397743525,,v5_20260617_030349,D_kernel_latent_score,0.1008496550056669,0.1138798441375357,0.8594333243116234,kfold; scaled; dense; feature_set=S3_mean_working_score; target_mode=raw
,kernelridge_rbf,raw,0.2295944368270269,0.0070182397743525,,v5_20260617_030349,D_kernel_latent_score,0.1008496550056669,0.1138798441375357,0.8594333243116234,kfold; scaled; dense; feature_set=S3_mean_working_score; target_mode=raw
,kernelridge_rbf,raw,0.2311227452794858,0.0105246778054836,,v5_20260617_030349,D_kernel_latent_score,0.1400306778576798,0.09,0.96,kfold; scaled; dense; feature_set=S3_mean_working_score; target_mode=quantile_target
,kernelridge_rbf,clip_0_1,0.2311227452794858,0.0105246778054836,,v5_20260617_030349,D_kernel_latent_score,0.1400306778576798,0.09,0.96,kfold; scaled; dense; feature_set=S3_mean_working_score; target_mode=quantile_target
,kernelridge_rbf,clip_0_1_round2,0.2311466666666666,0.010529408551502,,v5_20260617_030349,D_kernel_latent_score,0.1400349450266237,0.09,0.96,kfold; scaled; dense; feature_set=S3_mean_working_score; target_mode=quantile_target
,svr_rbf,clip_0_1_round2,0.2402666666666666,0.0057085813679554,,v5_20260617_030349,D_kernel_latent_score,0.0184798521362679,0.43,0.53,kfold; scaled; dense; feature_set=S3_mean_working_score; target_mode=y100
,svr_rbf,clip_0_1,0.2403045468202644,0.0054971792672308,,v5_20260617_030349,D_kernel_latent_score,0.0183635997962491,0.4273565624668253,0.5272512645334122,kfold; scaled; dense; feature_set=S3_mean_working_score; target_mode=y100
,svr_rbf,raw,0.2403045468202644,0.0054971792672308,,v5_20260617_030349,D_kernel_latent_score,0.0183635997962491,0.4273565624668253,0.5272512645334122,kfold; scaled; dense; feature_set=S3_mean_working_score; target_mode=y100
,elasticnet,clip_0_1_round2,0.2445333333333333,0.0084249189467471,,v5_20260617_030349,A_linear_scorecard,0.0615666678070335,0.25,0.77,kfold; scaled; sparse-ok; feature_set=S3_mean_working_score; target_mode=raw
,elasticnet,raw,0.2446215668606007,0.0083902875184446,,v5_20260617_030349,A_linear_scorecard,0.061546675074458,0.2505662312667488,0.7658632386974649,kfold; scaled; sparse-ok; feature_set=S3_mean_working_score; target_mode=raw
,elasticnet,clip_0_1,0.2446215668606007,0.0083902875184446,,v5_20260617_030349,A_linear_scorecard,0.061546675074458,0.2505662312667488,0.7658632386974649,kfold; scaled; sparse-ok; feature_set=S3_mean_working_score; target_mode=raw
,ridge,clip_0_1_round2,0.2446766666666666,0.0083347857993464,,v5_20260617_030349,A_linear_scorecard,0.059660919905833,0.26,0.76,kfold; scaled; sparse-ok; feature_set=S3_mean_working_score; target_mode=raw
,ridge,raw,0.2447427848139252,0.0083224258851041,,v5_20260617_030349,A_linear_scorecard,0.0596067913280852,0.2618194112341674,0.7621669239898231,kfold; scaled; sparse-ok; feature_set=S3_mean_working_score; target_mode=raw
,ridge,clip_0_1,0.2447427848139252,0.0083224258851041,,v5_20260617_030349,A_linear_scorecard,0.0596067913280852,0.2618194112341674,0.7621669239898231,kfold; scaled; sparse-ok; feature_set=S3_mean_working_score; target_mode=raw
,ridge,raw,0.2454539853904579,0.0088873582403796,,v5_20260617_030349,A_linear_scorecard,0.0836555668786296,0.2,0.8276313408339455,kfold; scaled; sparse-ok; feature_set=S3_mean_working_score; target_mode=quantile_target
,ridge,clip_0_1,0.2454539853904579,0.0088873582403796,,v5_20260617_030349,A_linear_scorecard,0.0836555668786296,0.2,0.8276313408339455,kfold; scaled; sparse-ok; feature_set=S3_mean_working_score; target_mode=quantile_target
,ridge,clip_0_1_round2,0.2454833333333333,0.008856764869331,,v5_20260617_030349,A_linear_scorecard,0.0836862557201927,0.2,0.83,kfold; scaled; sparse-ok; feature_set=S3_mean_working_score; target_mode=quantile_target
,linearsvr,raw,0.2465621126050166,0.0090786178408909,,v5_20260617_030349,A_linear_scorecard,0.0878745528773846,0.1138634082491189,0.8186490960163058,kfold; scaled; dense; feature_set=S3_mean_working_score; target_mode=raw
,linearsvr,clip_0_1,0.2465621126050166,0.0090786178408909,,v5_20260617_030349,A_linear_scorecard,0.0878745528773846,0.1138634082491189,0.8186490960163058,kfold; scaled; dense; feature_set=S3_mean_working_score; target_mode=raw
,linearsvr,clip_0_1_round2,0.2465733333333333,0.0090318339605729,,v5_20260617_030349,A_linear_scorecard,0.087867800543466,0.11,0.82,kfold; scaled; dense; feature_set=S3_mean_working_score; target_mode=raw
,ridge,clip_0_1_round2,0.2492966666666667,0.0063338489068897,,v5_20260617_030349,A_linear_scorecard,0.0326294073816145,0.33,0.59,kfold; scaled; sparse-ok; feature_set=S2_core_derived; target_mode=raw
,ridge,clip_0_1,0.2493393631647244,0.0064165908053642,,v5_20260617_030349,A_linear_scorecard,0.0325003069582215,0.3311238805876015,0.5912663521469237,kfold; scaled; sparse-ok; feature_set=S2_core_derived; target_mode=raw
,ridge,raw,0.2493393631647244,0.0064165908053642,,v5_20260617_030349,A_linear_scorecard,0.0325003069582215,0.3311238805876015,0.5912663521469237,kfold; scaled; sparse-ok; feature_set=S2_core_derived; target_mode=raw
,ridge,clip_0_1_round2,0.2494766666666666,0.006243377726207,,v5_20260617_030349,A_linear_scorecard,0.0318821772218921,0.35,0.59,kfold; scaled; sparse-ok; feature_set=S1_simple_score_encoding; target_mode=raw
,ridge,raw,0.2494806489845434,0.0064070337868459,,v5_20260617_030349,A_linear_scorecard,0.0317492586262165,0.3546348322457203,0.5895744622264212,kfold; scaled; sparse-ok; feature_set=S1_simple_score_encoding; target_mode=raw
,ridge,clip_0_1,0.2494806489845434,0.0064070337868459,,v5_20260617_030349,A_linear_scorecard,0.0317492586262165,0.3546348322457203,0.5895744622264212,kfold; scaled; sparse-ok; feature_set=S1_simple_score_encoding; target_mode=raw
,ridge,clip_0_1_round2,0.2502233333333333,0.0069561066519344,,v5_20260617_030349,A_linear_scorecard,0.0556382634614814,0.25,0.65,kfold; scaled; sparse-ok; feature_set=S2_core_derived; target_mode=quantile_target
,ridge,raw,0.2502304580942321,0.006982472579503,,v5_20260617_030349,A_linear_scorecard,0.0556381646449856,0.25,0.65,kfold; scaled; sparse-ok; feature_set=S2_core_derived; target_mode=quantile_target
,ridge,clip_0_1,0.2502304580942321,0.006982472579503,,v5_20260617_030349,A_linear_scorecard,0.0556381646449856,0.25,0.65,kfold; scaled; sparse-ok; feature_set=S2_core_derived; target_mode=quantile_target
,ridge,raw,0.2504040119353118,0.0068378678813772,,v5_20260617_030349,A_linear_scorecard,0.0549559321923935,0.28,0.64,kfold; scaled; sparse-ok; feature_set=S1_simple_score_encoding; target_mode=quantile_target
,ridge,clip_0_1,0.2504040119353118,0.0068378678813772,,v5_20260617_030349,A_linear_scorecard,0.0549559321923935,0.28,0.64,kfold; scaled; sparse-ok; feature_set=S1_simple_score_encoding; target_mode=quantile_target
,ridge,clip_0_1_round2,0.25042,0.0068272909147456,,v5_20260617_030349,A_linear_scorecard,0.0549722185739152,0.28,0.64,kfold; scaled; sparse-ok; feature_set=S1_simple_score_encoding; target_mode=quantile_target
,svr_rbf_quantile,clip_0_1_round2,0.1376066666666666,0.0074310958266722,,v51_20260617_115235,rbf,0.1925707149596913,0.0,1.0,RBF SVR quantile target; target scale refinement check; feature_set=S2_core_derived; target_mode=quantile_target
,svr_rbf_quantile,clip_0_1,0.1376224970296926,0.0074155914555071,,v51_20260617_115235,rbf,0.192542160396264,0.0,1.0,RBF SVR quantile target; target scale refinement check; feature_set=S2_core_derived; target_mode=quantile_target
,svr_rbf_quantile,raw,0.1376224970296926,0.0074155914555071,,v51_20260617_115235,rbf,0.192542160396264,0.0,1.0,RBF SVR quantile target; target scale refinement check; feature_set=S2_core_derived; target_mode=quantile_target
,svr_rbf_raw,clip_0_1_round2,0.1394133333333333,0.0076899035939308,,v51_20260617_115235,rbf,0.1880266332034378,0.0,1.0,RBF SVR raw target; preferred report-first submission; feature_set=S2_core_derived; target_mode=raw
,svr_rbf_raw,clip_0_1,0.1396565852397391,0.0076101499363973,,v51_20260617_115235,rbf,0.1878003922193722,6.651403129942501e-05,1.0,RBF SVR raw target; preferred report-first submission; feature_set=S2_core_derived; target_mode=raw
,svr_rbf_raw,raw,0.1396568394090936,0.0076098438219449,,v51_20260617_115235,rbf,0.1878011011776307,6.651403129942501e-05,1.000363907364043,RBF SVR raw target; preferred report-first submission; feature_set=S2_core_derived; target_mode=raw
,svr_poly3_C1_scale,clip_0_1_round2,0.2349966666666667,0.0078890367748266,,v51_20260617_115235,poly_degree3,0.2079541415192101,0.0,1.0,Polynomial degree 3 raw target; lightweight check; feature_set=S2_core_derived; target_mode=raw
,svr_poly3_C1_scale,clip_0_1,0.2350209118623062,0.0078809827731103,,v51_20260617_115235,poly_degree3,0.2079118811789861,0.0,1.0,Polynomial degree 3 raw target; lightweight check; feature_set=S2_core_derived; target_mode=raw
,svr_poly3_C1_scale,raw,0.239090881084517,0.0074361468287139,,v51_20260617_115235,poly_degree3,0.2203294234948832,-0.836449679020838,1.6241543933459108,Polynomial degree 3 raw target; lightweight check; feature_set=S2_core_derived; target_mode=raw
,svr_poly2_C0p5_scale,clip_0_1_round2,0.2496566666666666,0.0085015183829016,,v51_20260617_115235,poly_degree2,0.1317164108727026,0.0,1.0,Polynomial degree 2 raw target; explicit low-order interaction test; feature_set=S2_core_derived; target_mode=raw
,svr_poly2_C0p5_scale,clip_0_1,0.2496991667311485,0.0084041494378231,,v51_20260617_115235,poly_degree2,0.1316672251568228,0.0,1.0,Polynomial degree 2 raw target; explicit low-order interaction test; feature_set=S2_core_derived; target_mode=raw
,svr_poly2_C1p0_scale,clip_0_1_round2,0.24971,0.007769599668731,,v51_20260617_115235,poly_degree2,0.142709817413581,0.0,1.0,Polynomial degree 2 raw target; explicit low-order interaction test; feature_set=S2_core_derived; target_mode=raw
,svr_poly2_C1p0_scale,clip_0_1,0.2497775014724718,0.0078618156656695,,v51_20260617_115235,poly_degree2,0.1426700038308734,0.0,1.0,Polynomial degree 2 raw target; explicit low-order interaction test; feature_set=S2_core_derived; target_mode=raw
,svr_poly2_C0p5_scale,raw,0.249816572711316,0.0084194592036249,,v51_20260617_115235,poly_degree2,0.1321677937468616,-0.0616880067599667,1.165471894469284,Polynomial degree 2 raw target; explicit low-order interaction test; feature_set=S2_core_derived; target_mode=raw
,svr_poly2_C1p0_scale,raw,0.2499858777167046,0.0079667817066916,,v51_20260617_115235,poly_degree2,0.1434867588931238,-0.1062939806899501,1.1572026548817844,Polynomial degree 2 raw target; explicit low-order interaction test; feature_set=S2_core_derived; target_mode=raw
,linearsvr_raw,raw,0.2503734801185978,0.0067894772241516,,v51_20260617_115235,linear,0.0557862462182664,0.1896726473632307,0.6371204375724405,LinearSVR raw target; additive scorecard stress test; feature_set=S2_core_derived; target_mode=raw
,linearsvr_raw,clip_0_1,0.2503734801185978,0.0067894772241516,,v51_20260617_115235,linear,0.0557862462182664,0.1896726473632307,0.6371204375724405,LinearSVR raw target; additive scorecard stress test; feature_set=S2_core_derived; target_mode=raw
,linearsvr_raw,clip_0_1_round2,0.25039,0.0067555199194966,,v51_20260617_115235,linear,0.0559087822318063,0.19,0.64,LinearSVR raw target; additive scorecard stress test; feature_set=S2_core_derived; target_mode=raw
,svr_poly2_C3p0_scale,clip_0_1_round2,0.2506133333333333,0.0081435455013976,,v51_20260617_115235,poly_degree2,0.1563246661789949,0.0,1.0,Polynomial degree 2 raw target; explicit low-order interaction test; feature_set=S2_core_derived; target_mode=raw
,svr_poly2_C3p0_scale,clip_0_1,0.2506470254020869,0.0081148999279534,,v51_20260617_115235,poly_degree2,0.1562410788769545,0.0,1.0,Polynomial degree 2 raw target; explicit low-order interaction test; feature_set=S2_core_derived; target_mode=raw
,svr_poly2_C3p0_scale,raw,0.2509957392000054,0.0083375079693135,,v51_20260617_115235,poly_degree2,0.157507988206575,-0.1795107533164352,1.2178451092355167,Polynomial degree 2 raw target; explicit low-order interaction test; feature_set=S2_core_derived; target_mode=raw
,B_mean_working_sentinel99,clip_0_1_round2,0.13491666666666666,0.008082021657609812,,v53_20260617_132316,v53_encoding_representation,0.19551325669763378,0.0,1.0,raw RBF S1/S2 representation search; no LB-based calibration; cat=ordinal_current; mw=sentinel99; body=height_weight_bmi; metabolic=all_s2
,B_mean_working_minus1,clip_0_1_round2,0.13861,0.007781714083290014,,v53_20260617_132316,v53_encoding_representation,0.1892376445572993,0.0,1.0,raw RBF S1/S2 representation search; no LB-based calibration; cat=ordinal_current; mw=minus1; body=height_weight_bmi; metabolic=all_s2
,A_categorical_onehot_core,clip_0_1_round2,0.13901333333333335,0.007608478052252303,,v53_20260617_132316,v53_encoding_representation,0.18801602992609362,0.0,1.0,raw RBF S1/S2 representation search; no LB-based calibration; cat=onehot_core; mw=zero; body=height_weight_bmi; metabolic=all_s2
,A_categorical_risk_order,clip_0_1_round2,0.13934333333333335,0.007728958692420081,,v53_20260617_132316,v53_encoding_representation,0.18812890470051866,0.0,1.0,raw RBF S1/S2 representation search; no LB-based calibration; cat=risk_order; mw=zero; body=height_weight_bmi; metabolic=all_s2
,baseline_s2_current,clip_0_1_round2,0.13941333333333333,0.007689903593930854,,v53_20260617_132316,v53_encoding_representation,0.18802663320343788,0.0,1.0,raw RBF S1/S2 representation search; no LB-based calibration; cat=ordinal_current; mw=zero; body=height_weight_bmi; metabolic=all_s2
,C_body_height_bmi,clip_0_1_round2,0.1396,0.007677721498426955,,v53_20260617_132316,v53_encoding_representation,0.18812325598403892,0.0,1.0,raw RBF S1/S2 representation search; no LB-based calibration; cat=ordinal_current; mw=zero; body=height_bmi; metabolic=all_s2
,C_body_height_weight_only,clip_0_1_round2,0.13972,0.007730877643308196,,v53_20260617_132316,v53_encoding_representation,0.1882124831485352,0.0,1.0,raw RBF S1/S2 representation search; no LB-based calibration; cat=ordinal_current; mw=zero; body=height_weight_only; metabolic=all_s2
,D_metabolic_glucose_cholesterol_only,clip_0_1_round2,0.13974333333333333,0.007595548566409896,,v53_20260617_132316,v53_encoding_representation,0.1883678308579332,0.0,1.0,raw RBF S1/S2 representation search; no LB-based calibration; cat=ordinal_current; mw=zero; body=height_weight_bmi; metabolic=glucose_cholesterol_only
,D_metabolic_standardized_glucose_cholesterol,clip_0_1_round2,0.13974333333333333,0.007595548566409896,,v53_20260617_132316,v53_encoding_representation,0.1883678308579332,0.0,1.0,raw RBF S1/S2 representation search; no LB-based calibration; cat=ordinal_current; mw=zero; body=height_weight_bmi; metabolic=standardized_glucose_cholesterol
,C_body_weight_bmi,clip_0_1_round2,0.13975666666666667,0.007795631096808707,,v53_20260617_132316,v53_encoding_representation,0.18820723279507887,0.0,1.0,raw RBF S1/S2 representation search; no LB-based calibration; cat=ordinal_current; mw=zero; body=weight_bmi; metabolic=all_s2
,D_metabolic_glucose_cholesterol_ratio,clip_0_1_round2,0.13993000000000003,0.007294399170545798,,v53_20260617_132316,v53_encoding_representation,0.18878058101737163,0.0,1.0,raw RBF S1/S2 representation search; no LB-based calibration; cat=ordinal_current; mw=zero; body=height_weight_bmi; metabolic=glucose_cholesterol_ratio
,D_metabolic_cholesterol_glucose_ratio,clip_0_1_round2,0.13995333333333332,0.007311232690647325,,v53_20260617_132316,v53_encoding_representation,0.1887873624256298,0.0,1.0,raw RBF S1/S2 representation search; no LB-based calibration; cat=ordinal_current; mw=zero; body=height_weight_bmi; metabolic=cholesterol_glucose_ratio
,C_body_bmi_only,clip_0_1_round2,0.13997333333333334,0.007802275704744061,,v53_20260617_132316,v53_encoding_representation,0.18837187446032355,0.0,1.0,raw RBF S1/S2 representation search; no LB-based calibration; cat=ordinal_current; mw=zero; body=bmi_only; metabolic=all_s2
,B_mean_working_zero_flag,clip_0_1_round2,0.14001333333333332,0.007573299426110841,,v53_20260617_132316,v53_encoding_representation,0.1877889317376913,0.0,1.0,raw RBF S1/S2 representation search; no LB-based calibration; cat=ordinal_current; mw=zero_flag; body=height_weight_bmi; metabolic=all_s2
,D_metabolic_product,clip_0_1_round2,0.14081000000000002,0.007202743818748413,,v53_20260617_132316,v53_encoding_representation,0.18945043057249458,0.0,1.0,raw RBF S1/S2 representation search; no LB-based calibration; cat=ordinal_current; mw=zero; body=height_weight_bmi; metabolic=product
,D_metabolic_log_product,clip_0_1_round2,0.14082333333333333,0.007224256978325788,,v53_20260617_132316,v53_encoding_representation,0.1894937231482697,0.0,1.0,raw RBF S1/S2 representation search; no LB-based calibration; cat=ordinal_current; mw=zero; body=height_weight_bmi; metabolic=log_product
,B_mean_working_median_flag,clip_0_1_round2,0.18716,0.007381371280142237,,v53_20260617_132316,v53_encoding_representation,0.13640837121233124,0.0,1.0,raw RBF S1/S2 representation search; no LB-based calibration; cat=ordinal_current; mw=median_flag; body=height_weight_bmi; metabolic=all_s2
