exp_id,variable,value,pred_mean,pred_std,notes
v55_20260617_142824,mean_working,missing,0.48184309126984304,0.16125254919424822,Surrogate PDP-style effect shape for RBF prediction.
v55_20260617_142824,mean_working,5,0.47045469714285887,0.1664836131398508,Surrogate PDP-style effect shape for RBF prediction.
v55_20260617_142824,mean_working,6,0.4706102193650812,0.16663383305295945,Surrogate PDP-style effect shape for RBF prediction.
v55_20260617_142824,mean_working,7,0.47427250468254145,0.17092076257911668,Surrogate PDP-style effect shape for RBF prediction.
v55_20260617_142824,mean_working,8,0.47509785071428756,0.17187170440358307,Surrogate PDP-style effect shape for RBF prediction.
v55_20260617_142824,mean_working,9,0.4753120019047637,0.17202251333006494,Surrogate PDP-style effect shape for RBF prediction.
v55_20260617_142824,mean_working,10,0.47598046420635093,0.17152446345399225,Surrogate PDP-style effect shape for RBF prediction.
v55_20260617_142824,mean_working,11,0.47836524642857314,0.16921118651537764,Surrogate PDP-style effect shape for RBF prediction.
v55_20260617_142824,mean_working,12,0.48093954801587485,0.16813460101939154,Surrogate PDP-style effect shape for RBF prediction.
v55_20260617_142824,mean_working,15,0.4813197750000018,0.16770704615161924,Surrogate PDP-style effect shape for RBF prediction.
v55_20260617_142824,mean_working,99,0.48123357825397,0.16313607337000208,Surrogate PDP-style effect shape for RBF prediction.
v55_20260617_142824,mean_working,150,0.48184309126984304,0.16125254919424822,Surrogate PDP-style effect shape for RBF prediction.
v55_20260617_142824,mean_working_missing,0,0.47533244079365256,0.17339904540588835,Surrogate PDP-style effect shape for RBF prediction.
v55_20260617_142824,mean_working_missing,1,0.48184309126984304,0.16125254919424822,Surrogate PDP-style effect shape for RBF prediction.
v55_20260617_142824,age,21.0,0.48042422777777954,0.14663594854909487,Surrogate PDP-style effect shape for RBF prediction.
v55_20260617_142824,age,27.0,0.4759494218253985,0.15182915578952452,Surrogate PDP-style effect shape for RBF prediction.
v55_20260617_142824,age,33.0,0.4754916843650811,0.157790406395889,Surrogate PDP-style effect shape for RBF prediction.
v55_20260617_142824,age,38.06818181818164,0.4762982708730177,0.15986650268717761,Surrogate PDP-style effect shape for RBF prediction.
v55_20260617_142824,age,44.0,0.47628120000000174,0.16122526925267433,Surrogate PDP-style effect shape for RBF prediction.
v55_20260617_142824,age,49.0,0.475377245238097,0.1609854563333108,Surrogate PDP-style effect shape for RBF prediction.
v55_20260617_142824,age,55.0,0.4764329957142874,0.16047152068033058,Surrogate PDP-style effect shape for RBF prediction.
v55_20260617_142824,age,61.0,0.4776947719047636,0.15935353698268412,Surrogate PDP-style effect shape for RBF prediction.
v55_20260617_142824,age,68.0,0.47720285087301767,0.1580706252562481,Surrogate PDP-style effect shape for RBF prediction.
v55_20260617_142824,age,74.0,0.47592962730158905,0.15584858424713582,Surrogate PDP-style effect shape for RBF prediction.
v55_20260617_142824,age,79.0,0.47698193285714463,0.15390903883208185,Surrogate PDP-style effect shape for RBF prediction.
v55_20260617_142824,age,85.0,0.4775748130158748,0.15141295811225264,Surrogate PDP-style effect shape for RBF prediction.
v55_20260617_142824,bmi,18.81928559769622,0.4835437487301604,0.131457679430309,Surrogate PDP-style effect shape for RBF prediction.
v55_20260617_142824,bmi,20.64004109795718,0.47400993444444617,0.13673099182947743,Surrogate PDP-style effect shape for RBF prediction.
v55_20260617_142824,bmi,21.943739890016502,0.4742980980952398,0.13834531735444283,Surrogate PDP-style effect shape for RBF prediction.
v55_20260617_142824,bmi,22.927226486513053,0.4740227614285732,0.13931806707625097,Surrogate PDP-style effect shape for RBF prediction.
v55_20260617_142824,bmi,24.02181949943907,0.47372620222222395,0.14023799683845758,Surrogate PDP-style effect shape for RBF prediction.
v55_20260617_142824,bmi,24.926008119456437,0.4747491637301606,0.14106203303245538,Surrogate PDP-style effect shape for RBF prediction.
v55_20260617_142824,bmi,25.702484184977763,0.4748872851587319,0.14169612399182901,Surrogate PDP-style effect shape for RBF prediction.
v55_20260617_142824,bmi,26.781005395783644,0.4757691103968273,0.14146009453907357,Surrogate PDP-style effect shape for RBF prediction.
v55_20260617_142824,bmi,27.775878472562226,0.47781838500000184,0.14116905091445675,Surrogate PDP-style effect shape for RBF prediction.
v55_20260617_142824,bmi,28.92729240887497,0.47944564603174783,0.13924779613697844,Surrogate PDP-style effect shape for RBF prediction.
v55_20260617_142824,bmi,30.54264613591857,0.48027225722222405,0.13711673251676137,Surrogate PDP-style effect shape for RBF prediction.
v55_20260617_142824,bmi,33.10119936946746,0.48082314793650965,0.13300862618899414,Surrogate PDP-style effect shape for RBF prediction.
v55_20260617_142824,glucose,96.167,0.4760656400793667,0.12116947471971291,Surrogate PDP-style effect shape for RBF prediction.
v55_20260617_142824,glucose,104.62,0.47749495349206517,0.126154736841174,Surrogate PDP-style effect shape for RBF prediction.
v55_20260617_142824,glucose,111.26390909090908,0.47599835436508114,0.12988775250402573,Surrogate PDP-style effect shape for RBF prediction.
v55_20260617_142824,glucose,116.45,0.47322973912698596,0.13226270833620593,Surrogate PDP-style effect shape for RBF prediction.
v55_20260617_142824,glucose,120.39322727272726,0.4732229085714304,0.13335742742226422,Surrogate PDP-style effect shape for RBF prediction.
v55_20260617_142824,glucose,124.5806818181818,0.4743595458730177,0.1337707776440985,Surrogate PDP-style effect shape for RBF prediction.
v55_20260617_142824,glucose,128.41236363636364,0.4754419542857161,0.1342037686626899,Surrogate PDP-style effect shape for RBF prediction.
v55_20260617_142824,glucose,132.89118181818182,0.4758184787301606,0.134576838796291,Surrogate PDP-style effect shape for RBF prediction.
v55_20260617_142824,glucose,136.42,0.47714096365079545,0.13438103457848902,Surrogate PDP-style effect shape for RBF prediction.
v55_20260617_142824,glucose,141.56,0.47723560253968433,0.133721412753525,Surrogate PDP-style effect shape for RBF prediction.
v55_20260617_142824,glucose,147.1670909090909,0.47653171769841446,0.13165242780368352,Surrogate PDP-style effect shape for RBF prediction.
v55_20260617_142824,glucose,155.96,0.483942180238097,0.12425344262469393,Surrogate PDP-style effect shape for RBF prediction.
v55_20260617_142824,cholesterol,194.87,0.46937003587301757,0.12343016279933014,Surrogate PDP-style effect shape for RBF prediction.
v55_20260617_142824,cholesterol,206.4655,0.4713744045238112,0.12758371297490753,Surrogate PDP-style effect shape for RBF prediction.
v55_20260617_142824,cholesterol,214.25,0.4743050426190493,0.13228135777006816,Surrogate PDP-style effect shape for RBF prediction.
v55_20260617_142824,cholesterol,220.3540909090909,0.47690708492063666,0.13578390554532047,Surrogate PDP-style effect shape for RBF prediction.
v55_20260617_142824,cholesterol,226.02645454545453,0.47947911142857325,0.13816491676087783,Surrogate PDP-style effect shape for RBF prediction.
v55_20260617_142824,cholesterol,231.58813636363635,0.4816973124603192,0.13974849805675288,Surrogate PDP-style effect shape for RBF prediction.
v55_20260617_142824,cholesterol,236.14186363636364,0.48340673523809696,0.14107917435878206,Surrogate PDP-style effect shape for RBF prediction.
v55_20260617_142824,cholesterol,240.98,0.4834375538888906,0.14072881733874576,Surrogate PDP-style effect shape for RBF prediction.
v55_20260617_142824,cholesterol,246.67863636363637,0.4823131239682557,0.1384729266199907,Surrogate PDP-style effect shape for RBF prediction.
v55_20260617_142824,cholesterol,253.73913636363633,0.4805560026984144,0.1351024653499421,Surrogate PDP-style effect shape for RBF prediction.
v55_20260617_142824,cholesterol,261.38,0.47797065515873194,0.13118732216760515,Surrogate PDP-style effect shape for RBF prediction.
v55_20260617_142824,cholesterol,273.805,0.46645790658730324,0.12390362188772318,Surrogate PDP-style effect shape for RBF prediction.
v55_20260617_142824,systolic_blood_pressure,121.0,0.4722004715079382,0.1232790366047579,Surrogate PDP-style effect shape for RBF prediction.
v55_20260617_142824,systolic_blood_pressure,128.0,0.4715760285714302,0.13095581129690415,Surrogate PDP-style effect shape for RBF prediction.
v55_20260617_142824,systolic_blood_pressure,133.0,0.47483929150793824,0.1332674317050653,Surrogate PDP-style effect shape for RBF prediction.
v55_20260617_142824,systolic_blood_pressure,137.0,0.4765333236507954,0.134333370166147,Surrogate PDP-style effect shape for RBF prediction.
v55_20260617_142824,systolic_blood_pressure,141.0,0.47819537365079545,0.13584665402579463,Surrogate PDP-style effect shape for RBF prediction.
v55_20260617_142824,systolic_blood_pressure,144.0,0.4786927738095255,0.1358216950049811,Surrogate PDP-style effect shape for RBF prediction.
v55_20260617_142824,systolic_blood_pressure,148.0,0.4795357046031764,0.13482355115690287,Surrogate PDP-style effect shape for RBF prediction.
v55_20260617_142824,systolic_blood_pressure,151.0,0.4804130238095256,0.1341319396625382,Surrogate PDP-style effect shape for RBF prediction.
v55_20260617_142824,systolic_blood_pressure,155.0,0.4771292970634938,0.13223162243867517,Surrogate PDP-style effect shape for RBF prediction.
v55_20260617_142824,systolic_blood_pressure,160.0,0.4735520285714303,0.1298704053858157,Surrogate PDP-style effect shape for RBF prediction.
v55_20260617_142824,systolic_blood_pressure,164.0,0.4694619703968271,0.12718268446903339,Surrogate PDP-style effect shape for RBF prediction.
v55_20260617_142824,systolic_blood_pressure,173.0,0.46101770103174755,0.11901744681741822,Surrogate PDP-style effect shape for RBF prediction.
v55_20260617_142824,diastolic_blood_pressure,80.0,0.47870452301587474,0.12178715109257879,Surrogate PDP-style effect shape for RBF prediction.
v55_20260617_142824,diastolic_blood_pressure,84.0,0.47683622182539853,0.12734857149269035,Surrogate PDP-style effect shape for RBF prediction.
v55_20260617_142824,diastolic_blood_pressure,88.0,0.4760305013492081,0.13146534718217565,Surrogate PDP-style effect shape for RBF prediction.
v55_20260617_142824,diastolic_blood_pressure,90.0,0.4744865442857161,0.1337548132472856,Surrogate PDP-style effect shape for RBF prediction.
v55_20260617_142824,diastolic_blood_pressure,92.44090909090892,0.47409257055555737,0.13531865719492367,Surrogate PDP-style effect shape for RBF prediction.
v55_20260617_142824,diastolic_blood_pressure,94.0,0.473770660238097,0.1362695527671651,Surrogate PDP-style effect shape for RBF prediction.
v55_20260617_142824,diastolic_blood_pressure,96.0,0.47230836388889064,0.135960529651045,Surrogate PDP-style effect shape for RBF prediction.
v55_20260617_142824,diastolic_blood_pressure,99.0,0.4688228051587319,0.13547176891064866,Surrogate PDP-style effect shape for RBF prediction.
v55_20260617_142824,diastolic_blood_pressure,101.0,0.4684255058730176,0.13370892911591556,Surrogate PDP-style effect shape for RBF prediction.
v55_20260617_142824,diastolic_blood_pressure,104.0,0.47094017293650964,0.1293107267676521,Surrogate PDP-style effect shape for RBF prediction.
v55_20260617_142824,diastolic_blood_pressure,107.0,0.4734843961904779,0.12281737224985449,Surrogate PDP-style effect shape for RBF prediction.
v55_20260617_142824,diastolic_blood_pressure,112.0,0.48427195539682716,0.11376741849231961,Surrogate PDP-style effect shape for RBF prediction.
v55_20260617_142824,bone_density,0.23,0.479684939285716,0.152088563893551,Surrogate PDP-style effect shape for RBF prediction.
v55_20260617_142824,bone_density,0.39,0.47555512857143034,0.15642122198096275,Surrogate PDP-style effect shape for RBF prediction.
v55_20260617_142824,bone_density,0.51,0.4744608476190494,0.15796274461018583,Surrogate PDP-style effect shape for RBF prediction.
v55_20260617_142824,bone_density,0.63,0.4743160027777795,0.1591187164365946,Surrogate PDP-style effect shape for RBF prediction.
v55_20260617_142824,bone_density,0.77,0.4751405053968271,0.16052543571434846,Surrogate PDP-style effect shape for RBF prediction.
v55_20260617_142824,bone_density,0.89,0.47652561174603353,0.16158057564197648,Surrogate PDP-style effect shape for RBF prediction.
v55_20260617_142824,bone_density,1.0,0.4769092458730176,0.16168967759211103,Surrogate PDP-style effect shape for RBF prediction.
v55_20260617_142824,bone_density,1.11,0.47619249150793835,0.16103977668081806,Surrogate PDP-style effect shape for RBF prediction.
v55_20260617_142824,bone_density,1.23,0.4753697823809541,0.15992742340220437,Surrogate PDP-style effect shape for RBF prediction.
v55_20260617_142824,bone_density,1.35,0.4758927236507954,0.15766684108227505,Surrogate PDP-style effect shape for RBF prediction.
v55_20260617_142824,bone_density,1.48,0.4750378351587318,0.15442594006773808,Surrogate PDP-style effect shape for RBF prediction.
v55_20260617_142824,bone_density,1.62,0.4812797534127001,0.14967768772137569,Surrogate PDP-style effect shape for RBF prediction.
v55_20260617_142824,sleep_pattern,sleep difficulty,0.48253224325397004,0.1493199375923687,Surrogate PDP-style effect shape for RBF prediction.
v55_20260617_142824,sleep_pattern,normal,0.47787450476190657,0.16323256565796715,Surrogate PDP-style effect shape for RBF prediction.
v55_20260617_142824,sleep_pattern,oversleeping,0.46792967976190647,0.1440676125967124,Surrogate PDP-style effect shape for RBF prediction.
v55_20260617_142824,activity,moderate,0.47651768825397,0.1636703321864387,Surrogate PDP-style effect shape for RBF prediction.
v55_20260617_142824,activity,light,0.47584529333333514,0.1546257941913911,Surrogate PDP-style effect shape for RBF prediction.
v55_20260617_142824,activity,intense,0.48117815134920816,0.15177189439586675,Surrogate PDP-style effect shape for RBF prediction.
v55_20260617_142824,smoke_status,ex-smoker,0.47077469198412875,0.12414683397090782,Surrogate PDP-style effect shape for RBF prediction.
v55_20260617_142824,smoke_status,non-smoker,0.48797431396825564,0.12245484269830927,Surrogate PDP-style effect shape for RBF prediction.
v55_20260617_142824,smoke_status,current-smoker,0.4766284425396846,0.11401600673971501,Surrogate PDP-style effect shape for RBF prediction.
v55_20260617_142824,medical_history,high blood pressure,0.4905196531746052,0.1147665396651845,Surrogate PDP-style effect shape for RBF prediction.
v55_20260617_142824,medical_history,Unknown,0.4701678107936521,0.12309847580803392,Surrogate PDP-style effect shape for RBF prediction.
v55_20260617_142824,medical_history,diabetes,0.4836822969841293,0.10850791021885027,Surrogate PDP-style effect shape for RBF prediction.
v55_20260617_142824,medical_history,heart disease,0.49796227619047834,0.10612358199547269,Surrogate PDP-style effect shape for RBF prediction.
v55_20260617_142824,family_medical_history,diabetes,0.48706731507936685,0.12932683052186245,Surrogate PDP-style effect shape for RBF prediction.
v55_20260617_142824,family_medical_history,Unknown,0.48292500539682714,0.147184409280418,Surrogate PDP-style effect shape for RBF prediction.
v55_20260617_142824,family_medical_history,high blood pressure,0.4816351745238116,0.122697967810249,Surrogate PDP-style effect shape for RBF prediction.
v55_20260617_142824,family_medical_history,heart disease,0.4724606896825415,0.1325620790708958,Surrogate PDP-style effect shape for RBF prediction.
