exp_id,left_feature,right_feature,left_value,right_value,count,y_mean,pred_mean,residual_mean,residual_median,residual_mae,notes
v56_20260617_150011,mean_working_group,sleep_pattern,10,normal,186,0.4762903225806452,0.48182795698924735,-0.5537634408602152,0.0,14.413978494623656,
v56_20260617_150011,mean_working_group,sleep_pattern,10,oversleeping,45,0.48444444444444446,0.40444444444444444,8.0,0.0,12.88888888888889,
v56_20260617_150011,mean_working_group,sleep_pattern,10,sleep difficulty,115,0.4473913043478261,0.4647826086956522,-1.7391304347826086,0.0,13.234782608695653,
v56_20260617_150011,mean_working_group,sleep_pattern,11,normal,62,0.5766129032258065,0.5003225806451613,7.629032258064516,0.0,11.17741935483871,
v56_20260617_150011,mean_working_group,sleep_pattern,11,oversleeping,16,0.65,0.565,8.5,0.5,12.0,small_n
v56_20260617_150011,mean_working_group,sleep_pattern,11,sleep difficulty,42,0.6052380952380952,0.5092857142857143,9.595238095238095,0.5,17.452380952380953,
v56_20260617_150011,mean_working_group,sleep_pattern,7,normal,164,0.4560365853658537,0.4648780487804878,-0.8841463414634146,0.0,11.53048780487805,
v56_20260617_150011,mean_working_group,sleep_pattern,7,oversleeping,44,0.5002272727272727,0.5075,-0.7272727272727273,0.0,16.09090909090909,
v56_20260617_150011,mean_working_group,sleep_pattern,7,sleep difficulty,110,0.4663636363636363,0.4819090909090909,-1.5545454545454545,0.0,16.045454545454547,
v56_20260617_150011,mean_working_group,sleep_pattern,8,normal,228,0.4848245614035088,0.4644736842105263,2.0350877192982457,0.0,14.219298245614034,
v56_20260617_150011,mean_working_group,sleep_pattern,8,oversleeping,58,0.4317241379310345,0.45448275862068965,-2.2758620689655173,0.0,13.827586206896552,
v56_20260617_150011,mean_working_group,sleep_pattern,8,sleep difficulty,165,0.4966666666666667,0.48527272727272724,1.1393939393939396,0.0,15.915151515151516,
v56_20260617_150011,mean_working_group,sleep_pattern,9,normal,278,0.4639928057553957,0.4703597122302158,-0.6366906474820144,0.0,14.377697841726619,
v56_20260617_150011,mean_working_group,sleep_pattern,9,oversleeping,83,0.41542168674698793,0.43927710843373496,-2.3855421686746987,0.0,14.843373493975903,
v56_20260617_150011,mean_working_group,sleep_pattern,9,sleep difficulty,176,0.47806818181818184,0.48482954545454543,-0.6761363636363634,0.0,12.835227272727273,
v56_20260617_150011,mean_working_group,sleep_pattern,<=6,normal,57,0.32456140350877194,0.4021052631578947,-7.754385964912281,0.0,9.228070175438596,
v56_20260617_150011,mean_working_group,sleep_pattern,<=6,oversleeping,13,0.27153846153846156,0.38153846153846155,-11.0,-1.0,11.0,small_n
v56_20260617_150011,mean_working_group,sleep_pattern,<=6,sleep difficulty,49,0.3073469387755102,0.38938775510204077,-8.204081632653061,0.0,11.26530612244898,
v56_20260617_150011,mean_working_group,sleep_pattern,>=12,normal,44,0.7456818181818182,0.6195454545454545,12.613636363636363,1.5,13.295454545454545,
v56_20260617_150011,mean_working_group,sleep_pattern,>=12,oversleeping,7,0.6528571428571429,0.55,10.285714285714286,0.0,11.428571428571429,small_n
v56_20260617_150011,mean_working_group,sleep_pattern,>=12,sleep difficulty,26,0.7053846153846154,0.5611538461538461,14.423076923076923,5.0000000000000036,14.73076923076923,small_n
v56_20260617_150011,mean_working_group,sleep_pattern,missing,normal,538,0.4958364312267658,0.48849442379182156,0.7342007434944239,0.0,12.87918215613383,
v56_20260617_150011,mean_working_group,sleep_pattern,missing,oversleeping,158,0.44518987341772154,0.45012658227848107,-0.49367088607594956,0.0,11.215189873417721,
v56_20260617_150011,mean_working_group,sleep_pattern,missing,sleep difficulty,336,0.5054464285714286,0.4913988095238095,1.4047619047619047,0.0,13.636904761904763,
v56_20260617_150011,mean_working_group,activity,10,intense,73,0.42657534246575346,0.4197260273972603,0.6849315068493149,0.0,16.164383561643834,
v56_20260617_150011,mean_working_group,activity,10,light,106,0.4843396226415095,0.48933962264150943,-0.5000000000000004,0.0,13.19811320754717,
v56_20260617_150011,mean_working_group,activity,10,moderate,167,0.4752095808383234,0.4716167664670659,0.3592814371257485,0.0,13.197604790419161,
v56_20260617_150011,mean_working_group,activity,11,intense,30,0.618,0.48633333333333334,13.166666666666666,14.5,19.033333333333335,
v56_20260617_150011,mean_working_group,activity,11,light,33,0.5675757575757576,0.5230303030303031,4.454545454545454,0.0,13.484848484848484,
v56_20260617_150011,mean_working_group,activity,11,moderate,57,0.6017543859649123,0.5192982456140351,8.24561403508772,0.0,10.56140350877193,
v56_20260617_150011,mean_working_group,activity,7,intense,54,0.4985185185185185,0.4866666666666667,1.1851851851851851,0.0,18.51851851851852,
v56_20260617_150011,mean_working_group,activity,7,light,98,0.4528571428571429,0.47561224489795917,-2.2755102040816326,0.0,13.60204081632653,
v56_20260617_150011,mean_working_group,activity,7,moderate,166,0.4626506024096385,0.4740361445783132,-1.1385542168674698,0.0,12.234939759036145,
v56_20260617_150011,mean_working_group,activity,8,intense,105,0.4645714285714286,0.4443809523809523,2.019047619047619,0.0,15.866666666666667,
v56_20260617_150011,mean_working_group,activity,8,light,142,0.47401408450704224,0.47049295774647887,0.35211267605633806,0.0,15.985915492957746,
v56_20260617_150011,mean_working_group,activity,8,moderate,204,0.4972549019607843,0.4846078431372549,1.2647058823529411,0.0,13.401960784313726,
v56_20260617_150011,mean_working_group,activity,9,intense,134,0.4615671641791045,0.49037313432835816,-2.8805970149253732,0.0,17.0,
v56_20260617_150011,mean_working_group,activity,9,light,154,0.44331168831168827,0.4453896103896104,-0.20779220779220758,0.0,13.077922077922079,
v56_20260617_150011,mean_working_group,activity,9,moderate,249,0.4718473895582329,0.4748995983935743,-0.30522088353413657,0.0,12.835341365461847,
v56_20260617_150011,mean_working_group,activity,<=6,intense,30,0.3046666666666667,0.39166666666666666,-8.7,0.0,11.5,
v56_20260617_150011,mean_working_group,activity,<=6,light,29,0.29310344827586204,0.44,-14.689655172413794,-9.0,15.793103448275861,small_n
v56_20260617_150011,mean_working_group,activity,<=6,moderate,60,0.32416666666666666,0.37416666666666665,-5.0,0.0,6.966666666666667,
v56_20260617_150011,mean_working_group,activity,>=12,intense,15,0.7766666666666667,0.618,15.866666666666667,7.999999999999993,15.866666666666667,small_n
v56_20260617_150011,mean_working_group,activity,>=12,light,21,0.6895238095238095,0.5547619047619048,13.476190476190476,2.0,14.619047619047619,small_n
v56_20260617_150011,mean_working_group,activity,>=12,moderate,41,0.7217073170731707,0.604390243902439,11.731707317073171,1.0,12.268292682926829,
v56_20260617_150011,mean_working_group,activity,missing,intense,234,0.5094871794871795,0.5062820512820513,0.3205128205128206,0.0,10.705128205128204,
v56_20260617_150011,mean_working_group,activity,missing,light,311,0.48093247588424437,0.48086816720257236,0.006430868167202618,0.0,13.858520900321544,
v56_20260617_150011,mean_working_group,activity,missing,moderate,487,0.4889938398357289,0.47437371663244354,1.462012320328542,0.0,13.281314168377824,
v56_20260617_150011,mean_working_group,smoke_status,10,current-smoker,88,0.4678409090909091,0.44943181818181815,1.8409090909090908,0.0,13.454545454545455,
v56_20260617_150011,mean_working_group,smoke_status,10,ex-smoker,140,0.4597142857142857,0.4714285714285714,-1.1714285714285715,0.0,14.714285714285714,
v56_20260617_150011,mean_working_group,smoke_status,10,non-smoker,118,0.4772033898305085,0.47220338983050847,0.4999999999999998,0.0,13.042372881355933,
v56_20260617_150011,mean_working_group,smoke_status,11,current-smoker,31,0.6667741935483871,0.5229032258064517,14.387096774193548,0.0,16.129032258064516,
v56_20260617_150011,mean_working_group,smoke_status,11,ex-smoker,39,0.5628205128205128,0.5005128205128205,6.230769230769231,1.0,11.76923076923077,
v56_20260617_150011,mean_working_group,smoke_status,11,non-smoker,50,0.579,0.5144,6.46,0.0,13.18,
v56_20260617_150011,mean_working_group,smoke_status,7,current-smoker,72,0.4527777777777778,0.4509722222222222,0.18055555555555547,0.0,13.541666666666666,
v56_20260617_150011,mean_working_group,smoke_status,7,ex-smoker,111,0.47018018018018015,0.4682882882882883,0.1891891891891892,0.0,12.693693693693694,
v56_20260617_150011,mean_working_group,smoke_status,7,non-smoker,135,0.46896296296296297,0.49725925925925923,-2.8296296296296295,0.0,14.666666666666666,
v56_20260617_150011,mean_working_group,smoke_status,8,current-smoker,131,0.4803053435114504,0.45740458015267177,2.2900763358778624,0.0,15.206106870229007,
v56_20260617_150011,mean_working_group,smoke_status,8,ex-smoker,160,0.4873125,0.483375,0.39374999999999993,0.0,15.73125,
v56_20260617_150011,mean_working_group,smoke_status,8,non-smoker,160,0.479,0.4691875,0.9812500000000004,0.0,13.50625,
v56_20260617_150011,mean_working_group,smoke_status,9,current-smoker,136,0.4802205882352941,0.475,0.5220588235294118,0.0,14.036764705882353,
v56_20260617_150011,mean_working_group,smoke_status,9,ex-smoker,200,0.43310000000000004,0.44025,-0.7149999999999999,0.0,14.195,
v56_20260617_150011,mean_working_group,smoke_status,9,non-smoker,201,0.47601990049751247,0.49701492537313435,-2.099502487562189,0.0,13.631840796019901,
v56_20260617_150011,mean_working_group,smoke_status,<=6,current-smoker,23,0.3239130434782609,0.3634782608695652,-3.9565217391304346,0.0,7.086956521739131,small_n
v56_20260617_150011,mean_working_group,smoke_status,<=6,ex-smoker,53,0.31528301886792454,0.39603773584905655,-8.075471698113208,0.0,9.471698113207546,
v56_20260617_150011,mean_working_group,smoke_status,<=6,non-smoker,43,0.3006976744186046,0.4095348837209302,-10.883720930232558,-1.0,12.930232558139535,
v56_20260617_150011,mean_working_group,smoke_status,>=12,current-smoker,19,0.72,0.5752631578947368,14.473684210526315,2.0,15.421052631578947,small_n
v56_20260617_150011,mean_working_group,smoke_status,>=12,ex-smoker,29,0.6972413793103448,0.5772413793103448,12.0,6.000000000000007,12.689655172413794,small_n
v56_20260617_150011,mean_working_group,smoke_status,>=12,non-smoker,29,0.7524137931034482,0.6217241379310345,13.068965517241379,1.0,13.344827586206897,small_n
v56_20260617_150011,mean_working_group,smoke_status,missing,current-smoker,284,0.507394366197183,0.49690140845070424,1.0492957746478875,0.0,13.54225352112676,
v56_20260617_150011,mean_working_group,smoke_status,missing,ex-smoker,445,0.48078651685393253,0.4717752808988764,0.9011235955056179,0.0,12.348314606741573,
v56_20260617_150011,mean_working_group,smoke_status,missing,non-smoker,303,0.49135313531353136,0.48838283828382834,0.29702970297029696,0.0,13.009900990099009,
v56_20260617_150011,mean_working_group,medical_history,10,Unknown,154,0.4168831168831169,0.4362337662337662,-1.9350649350649352,0.0,14.480519480519481,
v56_20260617_150011,mean_working_group,medical_history,10,diabetes,52,0.47269230769230763,0.45903846153846156,1.3653846153846154,0.0,11.134615384615385,
v56_20260617_150011,mean_working_group,medical_history,10,heart disease,69,0.5365217391304349,0.5066666666666667,2.9855072463768115,0.0,17.07246376811594,
v56_20260617_150011,mean_working_group,medical_history,10,high blood pressure,71,0.5076056338028169,0.4966197183098591,1.0985915492957747,0.0,11.211267605633802,
v56_20260617_150011,mean_working_group,medical_history,11,Unknown,54,0.6625925925925926,0.525,13.75925925925926,4.4999999999999964,15.981481481481481,
v56_20260617_150011,mean_working_group,medical_history,11,diabetes,16,0.51125,0.45187499999999997,5.9375,0.0,17.0625,small_n
v56_20260617_150011,mean_working_group,medical_history,11,heart disease,22,0.5127272727272727,0.5136363636363637,-0.09090909090909091,0.0,4.909090909090909,small_n
v56_20260617_150011,mean_working_group,medical_history,11,high blood pressure,28,0.5832142857142858,0.5203571428571429,6.285714285714286,0.0,13.357142857142858,small_n
v56_20260617_150011,mean_working_group,medical_history,7,Unknown,135,0.4345185185185185,0.45570370370370367,-2.1185185185185187,0.0,12.622222222222222,
v56_20260617_150011,mean_working_group,medical_history,7,diabetes,49,0.45918367346938777,0.4536734693877551,0.5510204081632655,0.0,16.06122448979592,
v56_20260617_150011,mean_working_group,medical_history,7,heart disease,60,0.4966666666666667,0.5145000000000001,-1.7833333333333334,0.0,12.45,
v56_20260617_150011,mean_working_group,medical_history,7,high blood pressure,74,0.5018918918918919,0.49945945945945946,0.24324324324324326,0.0,15.216216216216216,
v56_20260617_150011,mean_working_group,medical_history,8,Unknown,187,0.47139037433155084,0.45818181818181813,1.3208556149732622,0.0,14.593582887700535,
v56_20260617_150011,mean_working_group,medical_history,8,diabetes,80,0.499125,0.4565,4.2625,0.0,14.6625,
v56_20260617_150011,mean_working_group,medical_history,8,heart disease,77,0.4728571428571428,0.4948051948051948,-2.1948051948051948,0.0,15.935064935064934,
v56_20260617_150011,mean_working_group,medical_history,8,high blood pressure,107,0.49570093457943926,0.48626168224299066,0.9439252336448598,0.0,14.401869158878505,
v56_20260617_150011,mean_working_group,medical_history,9,Unknown,242,0.4354545454545454,0.4593801652892562,-2.3925619834710745,0.0,14.392561983471074,
v56_20260617_150011,mean_working_group,medical_history,9,diabetes,93,0.5326881720430108,0.4903225806451613,4.236559139784946,0.0,12.473118279569892,
v56_20260617_150011,mean_working_group,medical_history,9,heart disease,76,0.41973684210526313,0.47855263157894734,-5.881578947368421,0.0,15.513157894736842,
v56_20260617_150011,mean_working_group,medical_history,9,high blood pressure,126,0.4824603174603175,0.4715079365079365,1.0952380952380953,0.0,13.222222222222221,
v56_20260617_150011,mean_working_group,medical_history,<=6,Unknown,55,0.31509090909090903,0.3889090909090909,-7.381818181818182,0.0,10.290909090909091,
v56_20260617_150011,mean_working_group,medical_history,<=6,diabetes,24,0.3325,0.4483333333333333,-11.583333333333334,-6.0,13.0,small_n
v56_20260617_150011,mean_working_group,medical_history,<=6,heart disease,12,0.37916666666666665,0.45416666666666666,-7.5,0.0,7.5,small_n
v56_20260617_150011,mean_working_group,medical_history,<=6,high blood pressure,28,0.25821428571428573,0.33428571428571424,-7.607142857142857,0.0,9.035714285714286,small_n
v56_20260617_150011,mean_working_group,medical_history,>=12,Unknown,34,0.7597058823529411,0.5797058823529412,18.0,11.0,18.235294117647058,
v56_20260617_150011,mean_working_group,medical_history,>=12,diabetes,18,0.7127777777777777,0.5988888888888888,11.38888888888889,4.0,12.166666666666666,small_n
v56_20260617_150011,mean_working_group,medical_history,>=12,heart disease,11,0.6990909090909091,0.629090909090909,7.0,0.0,9.181818181818182,small_n
v56_20260617_150011,mean_working_group,medical_history,>=12,high blood pressure,14,0.6692857142857144,0.5921428571428572,7.714285714285714,0.0,7.714285714285714,small_n
v56_20260617_150011,mean_working_group,medical_history,missing,Unknown,428,0.4779906542056075,0.4701401869158878,0.7850467289719626,0.0,14.07943925233645,
v56_20260617_150011,mean_working_group,medical_history,missing,diabetes,174,0.4962068965517242,0.4933908045977011,0.28160919540229895,0.0,11.270114942528735,
v56_20260617_150011,mean_working_group,medical_history,missing,heart disease,181,0.47668508287292816,0.4806077348066298,-0.39226519337016574,0.0,12.38121546961326,
v56_20260617_150011,mean_working_group,medical_history,missing,high blood pressure,249,0.521004016064257,0.5019277108433735,1.9076305220883534,0.0,12.269076305220883,
v56_20260617_150011,mean_working_group,family_medical_history,10,Unknown,172,0.41610465116279066,0.4326162790697674,-1.6511627906976747,0.0,13.976744186046512,
v56_20260617_150011,mean_working_group,family_medical_history,10,diabetes,66,0.5293939393939393,0.5151515151515151,1.4242424242424243,0.0,15.878787878787879,
v56_20260617_150011,mean_working_group,family_medical_history,10,heart disease,40,0.475,0.44225000000000003,3.275,0.0,14.375,
v56_20260617_150011,mean_working_group,family_medical_history,10,high blood pressure,68,0.5342647058823529,0.5172058823529412,1.7058823529411762,0.0,11.117647058823529,
v56_20260617_150011,mean_working_group,family_medical_history,11,Unknown,64,0.64953125,0.5371875,11.234375,0.5,14.390625,
v56_20260617_150011,mean_working_group,family_medical_history,11,diabetes,26,0.5623076923076923,0.4746153846153846,8.76923076923077,0.0,14.615384615384615,small_n
v56_20260617_150011,mean_working_group,family_medical_history,11,heart disease,13,0.49,0.5030769230769231,-1.3076923076923077,0.0,8.384615384615385,small_n
v56_20260617_150011,mean_working_group,family_medical_history,11,high blood pressure,17,0.53,0.48176470588235293,4.823529411764706,1.0,12.235294117647058,small_n
v56_20260617_150011,mean_working_group,family_medical_history,7,Unknown,172,0.46174418604651163,0.47959302325581393,-1.7848837209302326,0.0,12.38953488372093,
v56_20260617_150011,mean_working_group,family_medical_history,7,diabetes,63,0.4784126984126984,0.47888888888888886,-0.047619047619047394,0.0,16.77777777777778,
v56_20260617_150011,mean_working_group,family_medical_history,7,heart disease,37,0.44216216216216214,0.4548648648648648,-1.2702702702702702,0.0,12.243243243243244,
v56_20260617_150011,mean_working_group,family_medical_history,7,high blood pressure,46,0.48217391304347823,0.4802173913043478,0.19565217391304332,0.0,15.717391304347826,
v56_20260617_150011,mean_working_group,family_medical_history,8,Unknown,225,0.4809777777777778,0.4641333333333333,1.6844444444444444,0.0,13.426666666666666,
v56_20260617_150011,mean_working_group,family_medical_history,8,diabetes,93,0.4673118279569893,0.499247311827957,-3.193548387096774,0.0,14.978494623655914,
v56_20260617_150011,mean_working_group,family_medical_history,8,heart disease,59,0.4969491525423729,0.46847457627118644,2.847457627118644,0.0,18.23728813559322,
v56_20260617_150011,mean_working_group,family_medical_history,8,high blood pressure,74,0.49364864864864866,0.45716216216216216,3.6486486486486487,0.0,15.945945945945946,
v56_20260617_150011,mean_working_group,family_medical_history,9,Unknown,270,0.44525925925925924,0.4666666666666667,-2.140740740740741,0.0,14.014814814814814,
v56_20260617_150011,mean_working_group,family_medical_history,9,diabetes,108,0.45722222222222225,0.45333333333333337,0.38888888888888895,0.0,13.333333333333334,
v56_20260617_150011,mean_working_group,family_medical_history,9,heart disease,80,0.513625,0.5025000000000001,1.1125000000000003,0.0,16.1375,
v56_20260617_150011,mean_working_group,family_medical_history,9,high blood pressure,79,0.46734177215189876,0.4732911392405063,-0.5949367088607593,0.0,12.316455696202532,
v56_20260617_150011,mean_working_group,family_medical_history,<=6,Unknown,62,0.3229032258064516,0.39838709677419354,-7.548387096774194,0.0,9.580645161290322,
v56_20260617_150011,mean_working_group,family_medical_history,<=6,diabetes,19,0.2831578947368421,0.4089473684210526,-12.578947368421053,-8.0,15.105263157894736,small_n
v56_20260617_150011,mean_working_group,family_medical_history,<=6,heart disease,19,0.29,0.34,-5.0,0.0,7.105263157894737,small_n
v56_20260617_150011,mean_working_group,family_medical_history,<=6,high blood pressure,19,0.3252631578947368,0.4226315789473684,-9.736842105263158,-9.0,10.789473684210526,small_n
v56_20260617_150011,mean_working_group,family_medical_history,>=12,Unknown,38,0.7468421052631579,0.5823684210526315,16.44736842105263,9.499999999999996,16.763157894736842,
v56_20260617_150011,mean_working_group,family_medical_history,>=12,diabetes,13,0.6561538461538461,0.5876923076923076,6.846153846153846,0.0,8.076923076923077,small_n
v56_20260617_150011,mean_working_group,family_medical_history,>=12,heart disease,17,0.6676470588235294,0.6058823529411765,6.176470588235294,0.0,7.235294117647059,small_n
v56_20260617_150011,mean_working_group,family_medical_history,>=12,high blood pressure,9,0.8288888888888889,0.6255555555555555,20.333333333333332,15.0,20.333333333333332,small_n
v56_20260617_150011,mean_working_group,family_medical_history,missing,Unknown,483,0.4769358178053831,0.4764803312629399,0.0455486542443064,0.0,13.097308488612837,
v56_20260617_150011,mean_working_group,family_medical_history,missing,diabetes,227,0.5117621145374449,0.5007488986784141,1.1013215859030838,0.0,13.90308370044053,
v56_20260617_150011,mean_working_group,family_medical_history,missing,heart disease,154,0.48129870129870134,0.4635714285714286,1.7727272727272727,0.0,11.487012987012987,
v56_20260617_150011,mean_working_group,family_medical_history,missing,high blood pressure,168,0.5135714285714286,0.4990476190476191,1.4523809523809523,0.0,12.095238095238095,
v56_20260617_150011,mean_working_group,edu_level,10,Unknown,58,0.4894827586206897,0.4874137931034483,0.20689655172413743,0.0,15.620689655172415,
v56_20260617_150011,mean_working_group,edu_level,10,bachelors degree,116,0.47163793103448276,0.4821551724137931,-1.0517241379310347,0.0,13.017241379310345,
v56_20260617_150011,mean_working_group,edu_level,10,graduate degree,62,0.5117741935483872,0.49548387096774194,1.6290322580645165,0.0,16.241935483870968,
v56_20260617_150011,mean_working_group,edu_level,10,high school diploma,110,0.42736363636363633,0.4213636363636364,0.5999999999999999,0.0,12.363636363636363,
v56_20260617_150011,mean_working_group,edu_level,11,Unknown,31,0.6141935483870967,0.5138709677419355,10.03225806451613,0.0,12.741935483870968,
v56_20260617_150011,mean_working_group,edu_level,11,bachelors degree,36,0.5869444444444444,0.5091666666666667,7.777777777777778,0.0,11.38888888888889,
v56_20260617_150011,mean_working_group,edu_level,11,graduate degree,22,0.6613636363636364,0.5331818181818182,12.818181818181818,2.0,17.545454545454547,small_n
v56_20260617_150011,mean_working_group,edu_level,11,high school diploma,31,0.5435483870967742,0.4987096774193548,4.483870967741935,0.0,13.774193548387096,
v56_20260617_150011,mean_working_group,edu_level,7,Unknown,65,0.5293846153846153,0.5443076923076924,-1.4923076923076923,0.0,15.523076923076923,
v56_20260617_150011,mean_working_group,edu_level,7,bachelors degree,103,0.43766990291262137,0.4377669902912621,-0.009708737864077877,0.0,12.495145631067961,
v56_20260617_150011,mean_working_group,edu_level,7,graduate degree,56,0.4519642857142857,0.49142857142857144,-3.9464285714285716,0.0,13.696428571428571,
v56_20260617_150011,mean_working_group,edu_level,7,high school diploma,94,0.4606382978723404,0.4637234042553191,-0.30851063829787234,0.0,13.840425531914894,
v56_20260617_150011,mean_working_group,edu_level,8,Unknown,90,0.5457777777777777,0.5025555555555555,4.322222222222222,0.0,13.38888888888889,
v56_20260617_150011,mean_working_group,edu_level,8,bachelors degree,131,0.4599236641221374,0.47549618320610687,-1.5572519083969465,0.0,16.53435114503817,
v56_20260617_150011,mean_working_group,edu_level,8,graduate degree,71,0.48366197183098597,0.4552112676056338,2.8450704225352115,0.0,14.619718309859154,
v56_20260617_150011,mean_working_group,edu_level,8,high school diploma,159,0.46427672955974847,0.45591194968553456,0.8364779874213837,0.0,14.220125786163521,
v56_20260617_150011,mean_working_group,edu_level,9,Unknown,97,0.5153608247422681,0.47969072164948456,3.5670103092783507,0.0,15.072164948453608,
v56_20260617_150011,mean_working_group,edu_level,9,bachelors degree,147,0.438843537414966,0.483265306122449,-4.442176870748299,0.0,13.17687074829932,
v56_20260617_150011,mean_working_group,edu_level,9,graduate degree,114,0.4578947368421053,0.45394736842105265,0.3947368421052635,0.0,14.763157894736842,
v56_20260617_150011,mean_working_group,edu_level,9,high school diploma,179,0.4520111731843575,0.46497206703910615,-1.2960893854748603,0.0,13.441340782122905,
v56_20260617_150011,mean_working_group,edu_level,<=6,Unknown,13,0.33076923076923076,0.39,-5.923076923076923,0.0,11.307692307692308,small_n
v56_20260617_150011,mean_working_group,edu_level,<=6,bachelors degree,42,0.2892857142857143,0.3869047619047619,-9.761904761904763,0.0,10.476190476190476,
v56_20260617_150011,mean_working_group,edu_level,<=6,graduate degree,30,0.354,0.4043333333333333,-5.033333333333333,0.0,8.166666666666666,
v56_20260617_150011,mean_working_group,edu_level,<=6,high school diploma,34,0.29470588235294115,0.3973529411764706,-10.264705882352942,-0.5,11.441176470588236,
v56_20260617_150011,mean_working_group,edu_level,>=12,Unknown,15,0.67,0.586,8.4,1.0,9.2,small_n
v56_20260617_150011,mean_working_group,edu_level,>=12,bachelors degree,25,0.7604000000000001,0.612,14.84,1.0,14.92,small_n
v56_20260617_150011,mean_working_group,edu_level,>=12,graduate degree,11,0.78,0.5990909090909091,18.09090909090909,11.0,18.09090909090909,small_n
v56_20260617_150011,mean_working_group,edu_level,>=12,high school diploma,26,0.6953846153846153,0.5776923076923077,11.76923076923077,3.0,13.0,small_n
v56_20260617_150011,mean_working_group,edu_level,missing,Unknown,238,0.4832773109243697,0.48470588235294115,-0.1428571428571429,0.0,12.764705882352942,
v56_20260617_150011,mean_working_group,edu_level,missing,bachelors degree,280,0.4752142857142857,0.46153571428571427,1.3678571428571429,0.0,13.310714285714285,
v56_20260617_150011,mean_working_group,edu_level,missing,graduate degree,223,0.4872645739910314,0.4820627802690583,0.5201793721973094,0.0,12.4304932735426,
v56_20260617_150011,mean_working_group,edu_level,missing,high school diploma,291,0.5161168384879725,0.5049828178694158,1.1134020618556701,0.0,12.872852233676976,
v56_20260617_150011,sleep_pattern,activity,normal,intense,323,0.5021981424148607,0.48873065015479883,1.346749226006192,0.0,15.0,
v56_20260617_150011,sleep_pattern,activity,normal,light,480,0.46777083333333336,0.46908333333333335,-0.13125,0.0,13.322916666666666,
v56_20260617_150011,sleep_pattern,activity,normal,moderate,754,0.4907029177718833,0.48210875331564984,0.8594164456233422,0.0,12.339522546419099,
v56_20260617_150011,sleep_pattern,activity,oversleeping,intense,109,0.4314678899082569,0.43238532110091743,-0.09174311926605505,0.0,14.311926605504587,
v56_20260617_150011,sleep_pattern,activity,oversleeping,light,127,0.4396062992125984,0.44653543307086613,-0.6929133858267716,0.0,12.31496062992126,
v56_20260617_150011,sleep_pattern,activity,oversleeping,moderate,188,0.4750531914893617,0.47063829787234046,0.44148936170212766,0.0,12.686170212765957,
v56_20260617_150011,sleep_pattern,activity,sleep difficulty,intense,243,0.48559670781893005,0.4871604938271605,-0.15637860082304528,0.0,13.901234567901234,
v56_20260617_150011,sleep_pattern,activity,sleep difficulty,light,287,0.4955400696864111,0.49905923344947734,-0.35191637630662004,0.0,15.94773519163763,
v56_20260617_150011,sleep_pattern,activity,sleep difficulty,moderate,489,0.4852147239263804,0.4712065439672801,1.4008179959100204,0.0,13.224948875255624,
v56_20260617_150011,smoke_status,medical_history,current-smoker,Unknown,363,0.44933884297520665,0.4328099173553719,1.6528925619834711,0.0,14.242424242424242,
v56_20260617_150011,smoke_status,medical_history,current-smoker,diabetes,127,0.5277165354330708,0.5139370078740157,1.3779527559055118,0.0,12.874015748031496,
v56_20260617_150011,smoke_status,medical_history,current-smoker,heart disease,112,0.4719642857142857,0.49098214285714287,-1.9017857142857142,0.0,15.848214285714286,
v56_20260617_150011,smoke_status,medical_history,current-smoker,high blood pressure,182,0.5764285714285714,0.5263186813186813,5.010989010989011,0.0,12.538461538461538,
v56_20260617_150011,smoke_status,medical_history,ex-smoker,Unknown,480,0.4574166666666667,0.46493749999999995,-0.7520833333333333,0.0,13.497916666666667,
v56_20260617_150011,smoke_status,medical_history,ex-smoker,diabetes,213,0.4787793427230047,0.4543661971830986,2.4413145539906105,0.0,12.244131455399062,
v56_20260617_150011,smoke_status,medical_history,ex-smoker,heart disease,215,0.4758604651162791,0.4841860465116279,-0.8325581395348837,0.0,13.679069767441861,
v56_20260617_150011,smoke_status,medical_history,ex-smoker,high blood pressure,269,0.4837174721189591,0.47029739776951673,1.342007434944238,0.0,13.46096654275093,
v56_20260617_150011,smoke_status,medical_history,non-smoker,Unknown,446,0.487085201793722,0.48417040358744395,0.29147982062780264,0.0,14.73542600896861,
v56_20260617_150011,smoke_status,medical_history,non-smoker,diabetes,166,0.4992771084337349,0.4866867469879518,1.2590361445783136,0.0,13.379518072289157,
v56_20260617_150011,smoke_status,medical_history,non-smoker,heart disease,181,0.4959116022099448,0.5075690607734807,-1.1657458563535912,0.0,11.9060773480663,
v56_20260617_150011,smoke_status,medical_history,non-smoker,high blood pressure,246,0.4660162601626016,0.4819512195121951,-1.5934959349593496,0.0,12.260162601626016,
v56_20260617_150011,medical_history,family_medical_history,Unknown,Unknown,1107,0.46168021680216803,0.4601084010840108,0.15718157181571812,0.0,14.115627822944896,
v56_20260617_150011,medical_history,family_medical_history,Unknown,diabetes,112,0.4875,0.48276785714285714,0.47321428571428586,0.0,14.1875,
v56_20260617_150011,medical_history,family_medical_history,Unknown,heart disease,28,0.5296428571428572,0.46964285714285714,6.0,0.0,19.071428571428573,small_n
v56_20260617_150011,medical_history,family_medical_history,Unknown,high blood pressure,42,0.4619047619047619,0.4680952380952381,-0.6190476190476191,-0.5,11.238095238095237,
v56_20260617_150011,medical_history,family_medical_history,diabetes,Unknown,114,0.4885964912280702,0.4719298245614035,1.6666666666666667,0.0,10.807017543859649,
v56_20260617_150011,medical_history,family_medical_history,diabetes,diabetes,149,0.4569798657718121,0.4536912751677852,0.3288590604026848,0.0,14.879194630872483,
v56_20260617_150011,medical_history,family_medical_history,diabetes,heart disease,103,0.4784466019417476,0.48019417475728154,-0.17475728155339806,0.0,12.0,
v56_20260617_150011,medical_history,family_medical_history,diabetes,high blood pressure,140,0.5629285714285714,0.5141428571428571,4.878571428571429,0.0,12.707142857142857,
v56_20260617_150011,medical_history,family_medical_history,heart disease,Unknown,106,0.5065094339622641,0.5213207547169811,-1.4811320754716981,0.0,13.19811320754717,
v56_20260617_150011,medical_history,family_medical_history,heart disease,diabetes,137,0.517080291970803,0.5186131386861313,-0.15328467153284678,0.0,13.905109489051094,
v56_20260617_150011,medical_history,family_medical_history,heart disease,heart disease,132,0.45446969696969697,0.45515151515151514,-0.06818181818181812,0.0,12.537878787878787,
v56_20260617_150011,medical_history,family_medical_history,heart disease,high blood pressure,133,0.4542105263157895,0.48548872180451125,-3.1278195488721803,0.0,14.37593984962406,
v56_20260617_150011,medical_history,family_medical_history,high blood pressure,Unknown,159,0.49867924528301893,0.5049056603773585,-0.6226415094339622,0.0,9.817610062893081,
v56_20260617_150011,medical_history,family_medical_history,high blood pressure,diabetes,217,0.5027188940092167,0.4988940092165899,0.3824884792626728,0.0,14.539170506912443,
v56_20260617_150011,medical_history,family_medical_history,high blood pressure,heart disease,156,0.5065384615384615,0.4766666666666667,2.9871794871794872,0.0,13.5,
v56_20260617_150011,medical_history,family_medical_history,high blood pressure,high blood pressure,165,0.4986060606060606,0.47248484848484845,2.6121212121212123,0.0,12.709090909090909,
v56_20260617_150011,glucose_bin,cholesterol_bin,g0,c0,176,0.4815909090909091,0.4786363636363636,0.29545454545454536,0.0,10.977272727272727,
v56_20260617_150011,glucose_bin,cholesterol_bin,g0,c1,126,0.4857936507936508,0.4992063492063492,-1.3412698412698412,0.0,11.214285714285714,
v56_20260617_150011,glucose_bin,cholesterol_bin,g0,c2,128,0.45515625,0.466015625,-1.0859375,0.0,14.1328125,
v56_20260617_150011,glucose_bin,cholesterol_bin,g0,c3,99,0.5175757575757576,0.50010101010101,1.7474747474747478,0.0,12.191919191919192,
v56_20260617_150011,glucose_bin,cholesterol_bin,g0,c4,71,0.5494366197183098,0.5011267605633802,4.830985915492958,0.0,15.873239436619718,
v56_20260617_150011,glucose_bin,cholesterol_bin,g1,c0,144,0.435625,0.429375,0.625,0.0,16.319444444444443,
v56_20260617_150011,glucose_bin,cholesterol_bin,g1,c1,136,0.45963235294117644,0.4391911764705882,2.0441176470588234,0.0,12.970588235294118,
v56_20260617_150011,glucose_bin,cholesterol_bin,g1,c2,107,0.5025233644859813,0.4937383177570093,0.8785046728971962,0.0,13.551401869158878,
v56_20260617_150011,glucose_bin,cholesterol_bin,g1,c3,124,0.5111290322580645,0.495,1.6129032258064515,0.0,15.85483870967742,
v56_20260617_150011,glucose_bin,cholesterol_bin,g1,c4,89,0.41247191011235956,0.40662921348314607,0.5842696629213485,0.0,13.932584269662922,
v56_20260617_150011,glucose_bin,cholesterol_bin,g2,c0,109,0.506697247706422,0.4659633027522936,4.073394495412844,0.0,17.192660550458715,
v56_20260617_150011,glucose_bin,cholesterol_bin,g2,c1,123,0.5034146341463415,0.4960162601626016,0.7398373983739837,0.0,11.796747967479675,
v56_20260617_150011,glucose_bin,cholesterol_bin,g2,c2,128,0.52765625,0.50234375,2.53125,0.0,12.15625,
v56_20260617_150011,glucose_bin,cholesterol_bin,g2,c3,124,0.47403225806451615,0.4712903225806451,0.27419354838709675,0.0,14.338709677419354,
v56_20260617_150011,glucose_bin,cholesterol_bin,g2,c4,117,0.4665811965811966,0.4517094017094017,1.4871794871794872,0.0,14.837606837606838,
v56_20260617_150011,glucose_bin,cholesterol_bin,g3,c0,91,0.42747252747252745,0.4513186813186813,-2.3846153846153846,0.0,17.153846153846153,
v56_20260617_150011,glucose_bin,cholesterol_bin,g3,c1,133,0.4609022556390977,0.48751879699248124,-2.661654135338346,0.0,13.954887218045112,
v56_20260617_150011,glucose_bin,cholesterol_bin,g3,c2,112,0.5060714285714286,0.4900892857142857,1.5982142857142858,0.0,13.205357142857142,
v56_20260617_150011,glucose_bin,cholesterol_bin,g3,c3,121,0.47198347107438016,0.47702479338842974,-0.5041322314049588,0.0,10.47107438016529,
v56_20260617_150011,glucose_bin,cholesterol_bin,g3,c4,144,0.49916666666666665,0.4857638888888889,1.3402777777777777,0.0,14.409722222222221,
v56_20260617_150011,glucose_bin,cholesterol_bin,g4,c0,80,0.438875,0.47112499999999996,-3.225,0.0,13.75,
v56_20260617_150011,glucose_bin,cholesterol_bin,g4,c1,82,0.43890243902439025,0.4639024390243902,-2.5,0.0,14.036585365853659,
v56_20260617_150011,glucose_bin,cholesterol_bin,g4,c2,125,0.53832,0.50944,2.888,0.0,14.088,
v56_20260617_150011,glucose_bin,cholesterol_bin,g4,c3,132,0.47378787878787876,0.48484848484848486,-1.1060606060606057,0.0,12.333333333333334,
v56_20260617_150011,glucose_bin,cholesterol_bin,g4,c4,179,0.49134078212290505,0.49033519553072624,0.10055865921787717,0.0,10.860335195530727,
v56_20260617_150011,BMI_bin,glucose_bin,high,g0,250,0.47192,0.45996,1.196,0.0,12.74,
v56_20260617_150011,BMI_bin,glucose_bin,high,g1,229,0.46213973799126634,0.4329694323144105,2.9170305676855897,0.0,15.528384279475983,
v56_20260617_150011,BMI_bin,glucose_bin,high,g2,225,0.5365777777777778,0.5110222222222223,2.5555555555555554,0.0,16.297777777777778,
v56_20260617_150011,BMI_bin,glucose_bin,high,g3,209,0.4867942583732057,0.47330143540669856,1.3492822966507176,0.0,15.311004784688995,
v56_20260617_150011,BMI_bin,glucose_bin,high,g4,229,0.44231441048034936,0.4648471615720524,-2.2532751091703056,0.0,12.410480349344978,
v56_20260617_150011,BMI_bin,glucose_bin,low,g0,26,0.5473076923076923,0.5438461538461539,0.34615384615384587,0.0,12.73076923076923,small_n
v56_20260617_150011,BMI_bin,glucose_bin,low,g1,22,0.49454545454545457,0.4913636363636364,0.3181818181818182,0.0,11.590909090909092,small_n
v56_20260617_150011,BMI_bin,glucose_bin,low,g2,24,0.5083333333333333,0.5275,-1.9166666666666667,0.0,13.0,small_n
v56_20260617_150011,BMI_bin,glucose_bin,low,g3,16,0.47062499999999996,0.435,3.5625,0.0,9.0625,small_n
v56_20260617_150011,BMI_bin,glucose_bin,low,g4,28,0.45285714285714285,0.42607142857142855,2.6785714285714284,0.0,12.821428571428571,small_n
v56_20260617_150011,BMI_bin,glucose_bin,normal,g0,148,0.4872972972972973,0.49716216216216214,-0.9864864864864865,0.0,10.0,
v56_20260617_150011,BMI_bin,glucose_bin,normal,g1,149,0.47174496644295305,0.44590604026845637,2.5838926174496644,0.0,16.302013422818792,
v56_20260617_150011,BMI_bin,glucose_bin,normal,g2,161,0.45192546583850934,0.4472049689440994,0.4720496894409938,0.0,11.217391304347826,
v56_20260617_150011,BMI_bin,glucose_bin,normal,g3,184,0.46902173913043477,0.4813586956521739,-1.233695652173913,0.0,12.342391304347826,
v56_20260617_150011,BMI_bin,glucose_bin,normal,g4,145,0.4942758620689655,0.4902068965517241,0.40689655172413813,0.0,12.462068965517242,
v56_20260617_150011,BMI_bin,glucose_bin,obese,g0,131,0.5137404580152671,0.5022900763358779,1.1450381679389312,0.0,13.49618320610687,
v56_20260617_150011,BMI_bin,glucose_bin,obese,g1,158,0.4778481012658228,0.4868354430379747,-0.8987341772151899,0.0,13.278481012658228,
v56_20260617_150011,BMI_bin,glucose_bin,obese,g2,144,0.49347222222222226,0.4585416666666667,3.4930555555555554,0.0,14.5625,
v56_20260617_150011,BMI_bin,glucose_bin,obese,g3,154,0.4647402597402597,0.48980519480519474,-2.5064935064935066,0.0,13.64935064935065,
v56_20260617_150011,BMI_bin,glucose_bin,obese,g4,140,0.5165000000000001,0.5136428571428571,0.2857142857142858,0.0,13.471428571428572,
v56_20260617_150011,BMI_bin,glucose_bin,very_high,g0,45,0.5077777777777778,0.5193333333333333,-1.1555555555555552,0.0,16.08888888888889,
v56_20260617_150011,BMI_bin,glucose_bin,very_high,g1,42,0.3952380952380953,0.4438095238095238,-4.857142857142857,0.0,10.285714285714286,
v56_20260617_150011,BMI_bin,glucose_bin,very_high,g2,47,0.45340425531914896,0.46212765957446805,-0.8723404255319147,0.0,10.914893617021276,
v56_20260617_150011,BMI_bin,glucose_bin,very_high,g3,38,0.4928947368421053,0.4892105263157895,0.3684210526315789,0.0,13.68421052631579,
v56_20260617_150011,BMI_bin,glucose_bin,very_high,g4,56,0.5523214285714285,0.5323214285714285,2.0,0.0,12.321428571428571,
v56_20260617_150011,age_bin,medical_history,41_55,Unknown,304,0.43559210526315784,0.4243421052631579,1.1249999999999998,0.0,14.486842105263158,
v56_20260617_150011,age_bin,medical_history,41_55,diabetes,95,0.4391578947368421,0.4378947368421053,0.12631578947368421,0.0,14.463157894736842,
v56_20260617_150011,age_bin,medical_history,41_55,heart disease,128,0.48734375,0.506328125,-1.8984375,0.0,12.7421875,
v56_20260617_150011,age_bin,medical_history,41_55,high blood pressure,146,0.5009589041095891,0.5095205479452055,-0.8561643835616438,0.0,12.623287671232877,
v56_20260617_150011,age_bin,medical_history,56_70,Unknown,251,0.4835856573705179,0.46752988047808763,1.6055776892430278,0.0,14.593625498007968,
v56_20260617_150011,age_bin,medical_history,56_70,diabetes,107,0.5785046728971962,0.5599065420560747,1.8598130841121499,0.0,8.981308411214954,
v56_20260617_150011,age_bin,medical_history,56_70,heart disease,84,0.46309523809523806,0.5064285714285715,-4.333333333333333,0.0,14.833333333333334,
v56_20260617_150011,age_bin,medical_history,56_70,high blood pressure,129,0.45790697674418607,0.43333333333333335,2.4573643410852712,0.0,14.364341085271318,
v56_20260617_150011,age_bin,medical_history,71_85,Unknown,273,0.476996336996337,0.4636263736263736,1.336996336996337,0.0,13.7985347985348,
v56_20260617_150011,age_bin,medical_history,71_85,diabetes,98,0.49357142857142855,0.4802040816326531,1.336734693877551,0.0,13.33673469387755,
v56_20260617_150011,age_bin,medical_history,71_85,heart disease,109,0.4552293577981651,0.4485321100917431,0.6697247706422018,0.0,11.275229357798166,
v56_20260617_150011,age_bin,medical_history,71_85,high blood pressure,167,0.5302395209580838,0.507125748502994,2.311377245508982,0.0,11.41317365269461,
v56_20260617_150011,age_bin,medical_history,86+,Unknown,59,0.5127118644067796,0.5161016949152543,-0.3389830508474576,0.0,13.423728813559322,
v56_20260617_150011,age_bin,medical_history,86+,diabetes,25,0.42879999999999996,0.4364,-0.76,0.0,8.52,small_n
v56_20260617_150011,age_bin,medical_history,86+,heart disease,27,0.5262962962962963,0.5574074074074075,-3.111111111111111,0.0,16.37037037037037,small_n
v56_20260617_150011,age_bin,medical_history,86+,high blood pressure,36,0.5230555555555556,0.5375000000000001,-1.4444444444444444,0.0,12.222222222222221,
v56_20260617_150011,age_bin,medical_history,<=40,Unknown,402,0.46179104477611943,0.47972636815920394,-1.7935323383084578,0.0,13.917910447761194,
v56_20260617_150011,age_bin,medical_history,<=40,diabetes,181,0.49265193370165744,0.4605524861878453,3.2099447513812156,0.0,14.414364640883978,
v56_20260617_150011,age_bin,medical_history,<=40,heart disease,160,0.49887499999999996,0.49793750000000003,0.09374999999999992,0.0,14.51875,
v56_20260617_150011,age_bin,medical_history,<=40,high blood pressure,219,0.502648401826484,0.4864383561643836,1.6210045662100456,0.0,13.136986301369863,
v56_20260617_150011,bone_density_bin,gender,b0,F,286,0.4903496503496504,0.4823776223776224,0.7972027972027974,0.0,13.447552447552448,
v56_20260617_150011,bone_density_bin,gender,b0,M,322,0.5000621118012423,0.48925465838509313,1.0807453416149067,0.0,13.105590062111801,
v56_20260617_150011,bone_density_bin,gender,b1,F,308,0.48107142857142854,0.46081168831168834,2.0259740259740258,0.0,13.584415584415584,
v56_20260617_150011,bone_density_bin,gender,b1,M,298,0.48030201342281875,0.478255033557047,0.2046979865771814,0.0,12.479865771812081,
v56_20260617_150011,bone_density_bin,gender,b2,F,327,0.4890519877675841,0.4706727828746177,1.837920489296636,0.0,12.675840978593271,
v56_20260617_150011,bone_density_bin,gender,b2,M,286,0.4912237762237763,0.4831468531468532,0.8076923076923077,0.0,13.758741258741258,
v56_20260617_150011,bone_density_bin,gender,b3,F,271,0.4716974169741697,0.48073800738007383,-0.904059040590406,0.0,15.531365313653136,
v56_20260617_150011,bone_density_bin,gender,b3,M,303,0.4501980198019802,0.4531023102310231,-0.2904290429042905,0.0,11.947194719471947,
v56_20260617_150011,bone_density_bin,gender,b4,F,316,0.4961392405063291,0.4960126582278481,0.01265822784810131,0.0,14.949367088607595,
v56_20260617_150011,bone_density_bin,gender,b4,M,283,0.4678445229681979,0.47537102473498233,-0.752650176678445,0.0,13.685512367491166,
