exp_id,model,scaler,n_splits,fold,postprocess,mae
v7_20260617_181613,mlp_small_relu_l2_1e4,standard,5,1,raw,0.2483174316880344
v7_20260617_181613,mlp_small_relu_l2_1e4,standard,5,1,clip_0_1,0.2483174316880344
v7_20260617_181613,mlp_small_relu_l2_1e4,standard,5,1,clip_0_1_round2,0.24825000000000003
v7_20260617_181613,mlp_small_relu_l2_1e4,standard,5,2,raw,0.2434018474237711
v7_20260617_181613,mlp_small_relu_l2_1e4,standard,5,2,clip_0_1,0.2434018474237711
v7_20260617_181613,mlp_small_relu_l2_1e4,standard,5,2,clip_0_1_round2,0.24338333333333328
v7_20260617_181613,mlp_small_relu_l2_1e4,standard,5,3,raw,0.243908055768635
v7_20260617_181613,mlp_small_relu_l2_1e4,standard,5,3,clip_0_1,0.243908055768635
v7_20260617_181613,mlp_small_relu_l2_1e4,standard,5,3,clip_0_1_round2,0.24401666666666672
v7_20260617_181613,mlp_small_relu_l2_1e4,standard,5,4,raw,0.24919164850502876
v7_20260617_181613,mlp_small_relu_l2_1e4,standard,5,4,clip_0_1,0.24896506230769247
v7_20260617_181613,mlp_small_relu_l2_1e4,standard,5,4,clip_0_1_round2,0.24885000000000002
v7_20260617_181613,mlp_small_relu_l2_1e4,standard,5,5,raw,0.24761096086260642
v7_20260617_181613,mlp_small_relu_l2_1e4,standard,5,5,clip_0_1,0.24642205396442132
v7_20260617_181613,mlp_small_relu_l2_1e4,standard,5,5,clip_0_1_round2,0.24635
v7_20260617_181613,mlp_medium_relu_l2_1e4,standard,5,1,raw,0.23590584337035944
v7_20260617_181613,mlp_medium_relu_l2_1e4,standard,5,1,clip_0_1,0.23590584337035944
v7_20260617_181613,mlp_medium_relu_l2_1e4,standard,5,1,clip_0_1_round2,0.2359166666666667
v7_20260617_181613,mlp_medium_relu_l2_1e4,standard,5,2,raw,0.24126304845368962
v7_20260617_181613,mlp_medium_relu_l2_1e4,standard,5,2,clip_0_1,0.24126304845368962
v7_20260617_181613,mlp_medium_relu_l2_1e4,standard,5,2,clip_0_1_round2,0.24133333333333334
v7_20260617_181613,mlp_medium_relu_l2_1e4,standard,5,3,raw,0.24339737525387312
v7_20260617_181613,mlp_medium_relu_l2_1e4,standard,5,3,clip_0_1,0.24339737525387312
v7_20260617_181613,mlp_medium_relu_l2_1e4,standard,5,3,clip_0_1_round2,0.24343333333333333
v7_20260617_181613,mlp_medium_relu_l2_1e4,standard,5,4,raw,0.24218722168906667
v7_20260617_181613,mlp_medium_relu_l2_1e4,standard,5,4,clip_0_1,0.24218722168906667
v7_20260617_181613,mlp_medium_relu_l2_1e4,standard,5,4,clip_0_1_round2,0.24215000000000003
v7_20260617_181613,mlp_medium_relu_l2_1e4,standard,5,5,raw,0.24298197662051033
v7_20260617_181613,mlp_medium_relu_l2_1e4,standard,5,5,clip_0_1,0.24298197662051033
v7_20260617_181613,mlp_medium_relu_l2_1e4,standard,5,5,clip_0_1_round2,0.24286666666666668
v7_20260617_181613,mlp_medium_relu_l2_1e3,standard,5,1,raw,0.23313577058504098
v7_20260617_181613,mlp_medium_relu_l2_1e3,standard,5,1,clip_0_1,0.23313577058504098
v7_20260617_181613,mlp_medium_relu_l2_1e3,standard,5,1,clip_0_1_round2,0.2331666666666667
v7_20260617_181613,mlp_medium_relu_l2_1e3,standard,5,2,raw,0.24003699210369608
v7_20260617_181613,mlp_medium_relu_l2_1e3,standard,5,2,clip_0_1,0.24003699210369608
v7_20260617_181613,mlp_medium_relu_l2_1e3,standard,5,2,clip_0_1_round2,0.24019999999999997
v7_20260617_181613,mlp_medium_relu_l2_1e3,standard,5,3,raw,0.24314450939118454
v7_20260617_181613,mlp_medium_relu_l2_1e3,standard,5,3,clip_0_1,0.24314450939118454
v7_20260617_181613,mlp_medium_relu_l2_1e3,standard,5,3,clip_0_1_round2,0.24301666666666666
v7_20260617_181613,mlp_medium_relu_l2_1e3,standard,5,4,raw,0.2427540313700488
v7_20260617_181613,mlp_medium_relu_l2_1e3,standard,5,4,clip_0_1,0.2427540313700488
v7_20260617_181613,mlp_medium_relu_l2_1e3,standard,5,4,clip_0_1_round2,0.2429333333333333
v7_20260617_181613,mlp_medium_relu_l2_1e3,standard,5,5,raw,0.24294973197745084
v7_20260617_181613,mlp_medium_relu_l2_1e3,standard,5,5,clip_0_1,0.24294973197745084
v7_20260617_181613,mlp_medium_relu_l2_1e3,standard,5,5,clip_0_1_round2,0.2429
v7_20260617_181613,mlp_wide_relu_l2_1e3,standard,5,1,raw,0.20387760322295304
v7_20260617_181613,mlp_wide_relu_l2_1e3,standard,5,1,clip_0_1,0.20382298286768225
v7_20260617_181613,mlp_wide_relu_l2_1e3,standard,5,1,clip_0_1_round2,0.20376666666666665
v7_20260617_181613,mlp_wide_relu_l2_1e3,standard,5,2,raw,0.22056392772339492
v7_20260617_181613,mlp_wide_relu_l2_1e3,standard,5,2,clip_0_1,0.22055634147699976
v7_20260617_181613,mlp_wide_relu_l2_1e3,standard,5,2,clip_0_1_round2,0.22054999999999997
v7_20260617_181613,mlp_wide_relu_l2_1e3,standard,5,3,raw,0.20753253161263532
v7_20260617_181613,mlp_wide_relu_l2_1e3,standard,5,3,clip_0_1,0.2064277976823496
v7_20260617_181613,mlp_wide_relu_l2_1e3,standard,5,3,clip_0_1_round2,0.20615
v7_20260617_181613,mlp_wide_relu_l2_1e3,standard,5,4,raw,0.23506559246758219
v7_20260617_181613,mlp_wide_relu_l2_1e3,standard,5,4,clip_0_1,0.23506559246758219
v7_20260617_181613,mlp_wide_relu_l2_1e3,standard,5,4,clip_0_1_round2,0.23483333333333328
v7_20260617_181613,mlp_wide_relu_l2_1e3,standard,5,5,raw,0.22666897797933322
v7_20260617_181613,mlp_wide_relu_l2_1e3,standard,5,5,clip_0_1,0.2264998634787573
v7_20260617_181613,mlp_wide_relu_l2_1e3,standard,5,5,clip_0_1_round2,0.22651666666666667
v7_20260617_181613,mlp_tanh_medium_l2_1e4,standard,5,1,raw,0.24004763663184428
v7_20260617_181613,mlp_tanh_medium_l2_1e4,standard,5,1,clip_0_1,0.24004763663184428
v7_20260617_181613,mlp_tanh_medium_l2_1e4,standard,5,1,clip_0_1_round2,0.2400166666666667
v7_20260617_181613,mlp_tanh_medium_l2_1e4,standard,5,2,raw,0.24792064229796115
v7_20260617_181613,mlp_tanh_medium_l2_1e4,standard,5,2,clip_0_1,0.24792064229796115
v7_20260617_181613,mlp_tanh_medium_l2_1e4,standard,5,2,clip_0_1_round2,0.24763333333333332
v7_20260617_181613,mlp_tanh_medium_l2_1e4,standard,5,3,raw,0.24485124939116862
v7_20260617_181613,mlp_tanh_medium_l2_1e4,standard,5,3,clip_0_1,0.24485124939116862
v7_20260617_181613,mlp_tanh_medium_l2_1e4,standard,5,3,clip_0_1_round2,0.24508333333333335
v7_20260617_181613,mlp_tanh_medium_l2_1e4,standard,5,4,raw,0.25730450817823936
v7_20260617_181613,mlp_tanh_medium_l2_1e4,standard,5,4,clip_0_1,0.25730450817823936
v7_20260617_181613,mlp_tanh_medium_l2_1e4,standard,5,4,clip_0_1_round2,0.2572499999999999
v7_20260617_181613,mlp_tanh_medium_l2_1e4,standard,5,5,raw,0.2494451841860992
v7_20260617_181613,mlp_tanh_medium_l2_1e4,standard,5,5,clip_0_1,0.24930371815944605
v7_20260617_181613,mlp_tanh_medium_l2_1e4,standard,5,5,clip_0_1_round2,0.24933333333333338
v7_20260617_181613,mlp_small_lbfgs,standard,5,1,raw,0.21324066467596453
v7_20260617_181613,mlp_small_lbfgs,standard,5,1,clip_0_1,0.19338306035933603
v7_20260617_181613,mlp_small_lbfgs,standard,5,1,clip_0_1_round2,0.1933166666666667
v7_20260617_181613,mlp_small_lbfgs,standard,5,2,raw,0.26057074190242513
v7_20260617_181613,mlp_small_lbfgs,standard,5,2,clip_0_1,0.22752459891969048
v7_20260617_181613,mlp_small_lbfgs,standard,5,2,clip_0_1_round2,0.22746666666666665
v7_20260617_181613,mlp_small_lbfgs,standard,5,3,raw,0.266267433002877
v7_20260617_181613,mlp_small_lbfgs,standard,5,3,clip_0_1,0.23150142156988096
v7_20260617_181613,mlp_small_lbfgs,standard,5,3,clip_0_1_round2,0.23141666666666666
v7_20260617_181613,mlp_small_lbfgs,standard,5,4,raw,0.26370145422532915
v7_20260617_181613,mlp_small_lbfgs,standard,5,4,clip_0_1,0.23667139417592598
v7_20260617_181613,mlp_small_lbfgs,standard,5,4,clip_0_1_round2,0.23653333333333332
v7_20260617_181613,mlp_small_lbfgs,standard,5,5,raw,0.24857211029552312
v7_20260617_181613,mlp_small_lbfgs,standard,5,5,clip_0_1,0.224973743873422
v7_20260617_181613,mlp_small_lbfgs,standard,5,5,clip_0_1_round2,0.22491666666666665
v7_20260617_181613,mlp_medium_relu_l2_1e3_robust_scaler,robust,5,1,raw,0.235562126784886
v7_20260617_181613,mlp_medium_relu_l2_1e3_robust_scaler,robust,5,1,clip_0_1,0.235562126784886
v7_20260617_181613,mlp_medium_relu_l2_1e3_robust_scaler,robust,5,1,clip_0_1_round2,0.23528333333333332
v7_20260617_181613,mlp_medium_relu_l2_1e3_robust_scaler,robust,5,2,raw,0.24386780065915975
v7_20260617_181613,mlp_medium_relu_l2_1e3_robust_scaler,robust,5,2,clip_0_1,0.24386780065915975
v7_20260617_181613,mlp_medium_relu_l2_1e3_robust_scaler,robust,5,2,clip_0_1_round2,0.24383333333333335
v7_20260617_181613,mlp_medium_relu_l2_1e3_robust_scaler,robust,5,3,raw,0.21783994242677276
v7_20260617_181613,mlp_medium_relu_l2_1e3_robust_scaler,robust,5,3,clip_0_1,0.2174512345175497
v7_20260617_181613,mlp_medium_relu_l2_1e3_robust_scaler,robust,5,3,clip_0_1_round2,0.21725
v7_20260617_181613,mlp_medium_relu_l2_1e3_robust_scaler,robust,5,4,raw,0.24297218000939447
v7_20260617_181613,mlp_medium_relu_l2_1e3_robust_scaler,robust,5,4,clip_0_1,0.24297218000939447
v7_20260617_181613,mlp_medium_relu_l2_1e3_robust_scaler,robust,5,4,clip_0_1_round2,0.24280000000000002
v7_20260617_181613,mlp_medium_relu_l2_1e3_robust_scaler,robust,5,5,raw,0.23235734442926154
v7_20260617_181613,mlp_medium_relu_l2_1e3_robust_scaler,robust,5,5,clip_0_1,0.23235734442926154
v7_20260617_181613,mlp_medium_relu_l2_1e3_robust_scaler,robust,5,5,clip_0_1_round2,0.2326
