exp_id,candidate,fold,mae,family,add_rules
v83_20260618_104526,ridge_y100_base,1,0.23586666666666664,linear,False
v83_20260618_104526,ridge_y100_base,2,0.24840000000000004,linear,False
v83_20260618_104526,ridge_y100_base,3,0.2541,linear,False
v83_20260618_104526,ridge_y100_base,4,0.24679999999999996,linear,False
v83_20260618_104526,ridge_y100_base,5,0.2505,linear,False
v83_20260618_104526,ridge_y100_base,6,0.24939999999999998,linear,False
v83_20260618_104526,ridge_y100_base,7,0.2557666666666667,linear,False
v83_20260618_104526,ridge_y100_base,8,0.257,linear,False
v83_20260618_104526,ridge_y100_base,9,0.25350000000000006,linear,False
v83_20260618_104526,ridge_y100_base,10,0.24910000000000002,linear,False
v83_20260618_104526,ridge_y100_rule_features,1,0.22166666666666668,linear_rules,True
v83_20260618_104526,ridge_y100_rule_features,2,0.24536666666666668,linear_rules,True
v83_20260618_104526,ridge_y100_rule_features,3,0.24376666666666666,linear_rules,True
v83_20260618_104526,ridge_y100_rule_features,4,0.2398333333333333,linear_rules,True
v83_20260618_104526,ridge_y100_rule_features,5,0.24716666666666667,linear_rules,True
v83_20260618_104526,ridge_y100_rule_features,6,0.2458,linear_rules,True
v83_20260618_104526,ridge_y100_rule_features,7,0.25170000000000003,linear_rules,True
v83_20260618_104526,ridge_y100_rule_features,8,0.25103333333333333,linear_rules,True
v83_20260618_104526,ridge_y100_rule_features,9,0.24783333333333332,linear_rules,True
v83_20260618_104526,ridge_y100_rule_features,10,0.24170000000000003,linear_rules,True
v83_20260618_104526,decision_tree_depth4,1,0.22116666666666665,tree,False
v83_20260618_104526,decision_tree_depth4,2,0.2472666666666667,tree,False
v83_20260618_104526,decision_tree_depth4,3,0.24303333333333332,tree,False
v83_20260618_104526,decision_tree_depth4,4,0.24343333333333333,tree,False
v83_20260618_104526,decision_tree_depth4,5,0.24423333333333336,tree,False
v83_20260618_104526,decision_tree_depth4,6,0.2512,tree,False
v83_20260618_104526,decision_tree_depth4,7,0.2582333333333333,tree,False
v83_20260618_104526,decision_tree_depth4,8,0.25183333333333335,tree,False
v83_20260618_104526,decision_tree_depth4,9,0.2451,tree,False
v83_20260618_104526,decision_tree_depth4,10,0.24460000000000004,tree,False
v83_20260618_104526,decision_tree_depth6,1,0.2217333333333333,tree,False
v83_20260618_104526,decision_tree_depth6,2,0.2454,tree,False
v83_20260618_104526,decision_tree_depth6,3,0.2474666666666667,tree,False
v83_20260618_104526,decision_tree_depth6,4,0.24353333333333335,tree,False
v83_20260618_104526,decision_tree_depth6,5,0.24183333333333332,tree,False
v83_20260618_104526,decision_tree_depth6,6,0.2448333333333333,tree,False
v83_20260618_104526,decision_tree_depth6,7,0.2597666666666667,tree,False
v83_20260618_104526,decision_tree_depth6,8,0.25479999999999997,tree,False
v83_20260618_104526,decision_tree_depth6,9,0.24773333333333336,tree,False
v83_20260618_104526,decision_tree_depth6,10,0.24633333333333335,tree,False
v83_20260618_104526,decision_tree_depth8,1,0.2188333333333333,tree,False
v83_20260618_104526,decision_tree_depth8,2,0.2547333333333333,tree,False
v83_20260618_104526,decision_tree_depth8,3,0.24059999999999998,tree,False
v83_20260618_104526,decision_tree_depth8,4,0.24946666666666667,tree,False
v83_20260618_104526,decision_tree_depth8,5,0.253,tree,False
v83_20260618_104526,decision_tree_depth8,6,0.25053333333333333,tree,False
v83_20260618_104526,decision_tree_depth8,7,0.2629,tree,False
v83_20260618_104526,decision_tree_depth8,8,0.25673333333333337,tree,False
v83_20260618_104526,decision_tree_depth8,9,0.24306666666666663,tree,False
v83_20260618_104526,decision_tree_depth8,10,0.24080000000000004,tree,False
v83_20260618_104526,decision_tree_depth6_rules,1,0.22386666666666666,tree_rules,True
v83_20260618_104526,decision_tree_depth6_rules,2,0.2448,tree_rules,True
v83_20260618_104526,decision_tree_depth6_rules,3,0.23900000000000002,tree_rules,True
v83_20260618_104526,decision_tree_depth6_rules,4,0.2412666666666667,tree_rules,True
v83_20260618_104526,decision_tree_depth6_rules,5,0.2449333333333333,tree_rules,True
v83_20260618_104526,decision_tree_depth6_rules,6,0.24686666666666662,tree_rules,True
v83_20260618_104526,decision_tree_depth6_rules,7,0.25286666666666674,tree_rules,True
v83_20260618_104526,decision_tree_depth6_rules,8,0.24839999999999998,tree_rules,True
v83_20260618_104526,decision_tree_depth6_rules,9,0.24626666666666666,tree_rules,True
v83_20260618_104526,decision_tree_depth6_rules,10,0.2403,tree_rules,True
v83_20260618_104526,extra_trees_leaf5,1,0.19959999999999997,ensemble_tree,False
v83_20260618_104526,extra_trees_leaf5,2,0.2072,ensemble_tree,False
v83_20260618_104526,extra_trees_leaf5,3,0.21096666666666664,ensemble_tree,False
v83_20260618_104526,extra_trees_leaf5,4,0.21336666666666665,ensemble_tree,False
v83_20260618_104526,extra_trees_leaf5,5,0.21073333333333336,ensemble_tree,False
v83_20260618_104526,extra_trees_leaf5,6,0.2104333333333333,ensemble_tree,False
v83_20260618_104526,extra_trees_leaf5,7,0.2122,ensemble_tree,False
v83_20260618_104526,extra_trees_leaf5,8,0.21823333333333333,ensemble_tree,False
v83_20260618_104526,extra_trees_leaf5,9,0.2104333333333333,ensemble_tree,False
v83_20260618_104526,extra_trees_leaf5,10,0.2154,ensemble_tree,False
v83_20260618_104526,extra_trees_leaf5_rules,1,0.196,ensemble_tree_rules,True
v83_20260618_104526,extra_trees_leaf5_rules,2,0.20996666666666666,ensemble_tree_rules,True
v83_20260618_104526,extra_trees_leaf5_rules,3,0.21106666666666668,ensemble_tree_rules,True
v83_20260618_104526,extra_trees_leaf5_rules,4,0.21719999999999998,ensemble_tree_rules,True
v83_20260618_104526,extra_trees_leaf5_rules,5,0.21283333333333335,ensemble_tree_rules,True
v83_20260618_104526,extra_trees_leaf5_rules,6,0.21026666666666666,ensemble_tree_rules,True
v83_20260618_104526,extra_trees_leaf5_rules,7,0.21800000000000003,ensemble_tree_rules,True
v83_20260618_104526,extra_trees_leaf5_rules,8,0.21803333333333333,ensemble_tree_rules,True
v83_20260618_104526,extra_trees_leaf5_rules,9,0.21150000000000002,ensemble_tree_rules,True
v83_20260618_104526,extra_trees_leaf5_rules,10,0.2215333333333333,ensemble_tree_rules,True
v83_20260618_104526,random_forest_leaf5,1,0.19543333333333335,ensemble_tree,False
v83_20260618_104526,random_forest_leaf5,2,0.2121,ensemble_tree,False
v83_20260618_104526,random_forest_leaf5,3,0.2086666666666667,ensemble_tree,False
v83_20260618_104526,random_forest_leaf5,4,0.21363333333333334,ensemble_tree,False
v83_20260618_104526,random_forest_leaf5,5,0.21483333333333335,ensemble_tree,False
v83_20260618_104526,random_forest_leaf5,6,0.21100000000000002,ensemble_tree,False
v83_20260618_104526,random_forest_leaf5,7,0.22,ensemble_tree,False
v83_20260618_104526,random_forest_leaf5,8,0.21989999999999998,ensemble_tree,False
v83_20260618_104526,random_forest_leaf5,9,0.212,ensemble_tree,False
v83_20260618_104526,random_forest_leaf5,10,0.21353333333333335,ensemble_tree,False
v83_20260618_104526,hist_gradient_boosting,1,0.20299999999999999,boosting,False
v83_20260618_104526,hist_gradient_boosting,2,0.22246666666666665,boosting,False
v83_20260618_104526,hist_gradient_boosting,3,0.21353333333333335,boosting,False
v83_20260618_104526,hist_gradient_boosting,4,0.21943333333333334,boosting,False
v83_20260618_104526,hist_gradient_boosting,5,0.21873333333333334,boosting,False
v83_20260618_104526,hist_gradient_boosting,6,0.22343333333333334,boosting,False
v83_20260618_104526,hist_gradient_boosting,7,0.22886666666666666,boosting,False
v83_20260618_104526,hist_gradient_boosting,8,0.23103333333333334,boosting,False
v83_20260618_104526,hist_gradient_boosting,9,0.21953333333333333,boosting,False
v83_20260618_104526,hist_gradient_boosting,10,0.2175666666666667,boosting,False
v83_20260618_104526,hist_gradient_boosting_rules,1,0.20086666666666667,boosting_rules,True
v83_20260618_104526,hist_gradient_boosting_rules,2,0.2251,boosting_rules,True
v83_20260618_104526,hist_gradient_boosting_rules,3,0.21266666666666667,boosting_rules,True
v83_20260618_104526,hist_gradient_boosting_rules,4,0.22320000000000004,boosting_rules,True
v83_20260618_104526,hist_gradient_boosting_rules,5,0.22086666666666668,boosting_rules,True
v83_20260618_104526,hist_gradient_boosting_rules,6,0.21776666666666666,boosting_rules,True
v83_20260618_104526,hist_gradient_boosting_rules,7,0.23103333333333334,boosting_rules,True
v83_20260618_104526,hist_gradient_boosting_rules,8,0.2301,boosting_rules,True
v83_20260618_104526,hist_gradient_boosting_rules,9,0.22169999999999998,boosting_rules,True
v83_20260618_104526,hist_gradient_boosting_rules,10,0.21626666666666666,boosting_rules,True
